scheduler,arrived_pct,unalloc_gpu_pct,run
Random,2.0,97.99822923374113,0
Random,4.0,95.98599484867991,0
Random,6.0,93.98502897617507,0
Random,8.0,91.98535093367673,0
Random,10.0,89.99581455247903,0
Random,12.0,87.99549259497743,0
Random,14.0,85.99420476497099,0
Random,16.0,83.9719896973599,0
Random,18.0,81.98840952994198,0
Random,20.0,79.99162910495808,0
Random,22.0,77.99259497746291,0
Random,24.0,75.9938828074693,0
Random,26.0,73.9927559562137,0
Random,28.0,71.98776561493881,0
Random,30.0,69.99726336123632,0
Random,32.0,67.97987765614944,0
Random,34.0,65.99710238248565,0
Random,36.0,63.946877012234516,0
Random,38.0,61.96571152607869,0
Random,40.0,59.98696072118494,0
Random,42.0,57.995814552479196,0
Random,44.0,55.99195106245991,0
Random,46.0,53.99629748873165,0
Random,48.0,51.99066323245345,0
Random,50.0,49.99162910495829,0
Random,52.0,48.06761107533819,0
Random,54.0,46.11864133934334,0
Random,56.0,44.112846104314364,0
Random,58.0,42.37508048937551,0
Random,60.0,40.375563425627895,0
Random,62.0,38.6382807469415,0
Random,64.0,36.63264649066333,0
Random,66.0,34.63956857694796,0
Random,68.0,32.768029620090225,0
Random,70.0,30.772215067611153,0
Random,72.0,28.768351577591826,0
Random,74.0,26.863811976819125,0
Random,76.0,25.017546683837804,0
Random,78.0,23.020927237604695,0
Random,80.0,21.144558918222852,0
Random,82.0,19.150354153251826,0
Random,84.0,17.217321313586655,0
Random,86.0,15.284932388924698,0
Random,88.0,13.917417900837128,0
Random,90.0,13.227141017385739,0
Random,92.0,12.835962652929842,0
Random,94.0,12.581455247907309,0
Random,96.0,12.510946555054762,0
Random,98.0,12.403090792015478,0
Random,100.0,12.275434642627197,0
Random,102.0,12.25820991629107,0
Random,104.0,12.173535093367692,0
Random,106.0,12.106245975531243,0
Random,108.0,12.043464262717338,0
Random,110.0,11.972150676110767,0
Random,112.0,11.906310367031562,0
Random,114.0,11.829845460399238,0
Random,116.0,11.731487443657446,0
Random,118.0,11.676432710882171,0
Random,120.0,11.621216999356093,0
Random,2.0,97.98921442369605,1
Random,4.0,95.99291693496451,1
Random,6.0,93.98679974243393,1
Random,8.0,91.9748873148744,1
Random,10.0,89.99034127495167,1
Random,12.0,87.99758531873792,1
Random,14.0,85.99597553122986,1
Random,16.0,83.9882485511912,1
Random,18.0,81.98985833869925,1
Random,20.0,79.99661944623307,1
Random,22.0,77.98728267868637,1
Random,24.0,75.99597553122986,1
Random,26.0,73.99597553122986,1
Random,28.0,71.98824855119132,1
Random,30.0,69.99227301996143,1
Random,32.0,67.9900193174502,1
Random,34.0,65.99855119124297,1
Random,36.0,63.99806825499053,1
Random,38.0,61.984385061172084,1
Random,40.0,59.985672891178496,1
Random,42.0,57.99001931745021,1
Random,44.0,55.989536381197816,1
Random,46.0,53.99758531873804,1
Random,48.0,51.99581455247918,1
Random,50.0,49.89649066323257,1
Random,52.0,48.12749517063761,1
Random,54.0,46.37620734063114,1
Random,56.0,44.376368319381946,1
Random,58.0,42.38361236316817,1
Random,60.0,40.506922086284725,1
Random,62.0,38.510624597553225,1
Random,64.0,36.51448808757256,1
Random,66.0,34.642949130714875,1
Random,68.0,32.635061171925415,1
Random,70.0,30.77028332260151,1
Random,72.0,29.018190598841038,1
Random,74.0,27.286703155183588,1
Random,76.0,25.410978750804965,1
Random,78.0,23.410334835801734,1
Random,80.0,21.789278815196454,1
Random,82.0,20.0539278815197,1
Random,84.0,18.177076625885434,1
Random,86.0,16.182710882163597,1
Random,88.0,14.880553766902807,1
Random,90.0,14.127978106889941,1
Random,92.0,13.626046361880276,1
Random,94.0,13.423374114616912,1
Random,96.0,13.207179652285935,1
Random,98.0,13.055859626529326,1
Random,100.0,12.92884739214426,1
Random,102.0,12.807791371538984,1
Random,104.0,12.715228589826166,1
Random,106.0,12.647456535737303,1
Random,108.0,12.547327752736662,1
Random,110.0,12.45750160978753,1
Random,112.0,12.383451384417281,1
Random,114.0,12.332582099162932,1
Random,116.0,12.233258209916311,1
Random,118.0,12.185769478428869,1
Random,120.0,12.153090792015476,1
Random,2.0,97.93206696716035,2
Random,4.0,95.99517063747582,2
Random,6.0,93.98889246619441,2
Random,8.0,91.98712169993559,2
Random,10.0,89.98712169993559,2
Random,12.0,87.99951706374766,2
Random,14.0,85.9956535737283,2
Random,16.0,83.98712169993561,2
Random,18.0,81.99629748873146,2
Random,20.0,79.98873148744362,2
Random,22.0,77.99356084996779,2
Random,24.0,75.9972633612363,2
Random,26.0,73.99710238248551,2
Random,28.0,71.99935608499676,2
Random,30.0,69.99372182871869,2
Random,32.0,67.98857050869297,2
Random,34.0,65.99420476497116,2
Random,36.0,63.98309723116565,2
Random,38.0,61.99758531873806,2
Random,40.0,59.9890534449454,2
Random,42.0,57.99195106245989,2
Random,44.0,55.996619446233254,2
Random,46.0,54.12121699935625,2
Random,48.0,52.11606567933047,2
Random,50.0,50.125241468126326,2
Random,52.0,48.1241146168707,2
Random,54.0,46.248229233741256,2
Random,56.0,44.50595621377989,2
Random,58.0,42.51062459755323,2
Random,60.0,40.76674179008381,2
Random,62.0,38.89649066323253,2
Random,64.0,37.024790727624044,2
Random,66.0,35.28155183515787,2
Random,68.0,33.28139085640705,2
Random,70.0,31.41596909207992,2
Random,72.0,29.537186091435995,2
Random,74.0,27.543947198969796,2
Random,76.0,25.802157115260844,2
Random,78.0,23.798293625241527,2
Random,80.0,22.053605924018097,2
Random,82.0,20.044591113973016,2
Random,84.0,18.18110109465556,2
Random,86.0,16.184803605924078,2
Random,88.0,14.992112041210612,2
Random,90.0,14.110270444301396,2
Random,92.0,13.56648422408247,2
Random,94.0,13.347070186735396,2
Random,96.0,13.240180296200949,2
Random,98.0,13.103348358016783,2
Random,100.0,12.962009014810086,2
Random,102.0,12.906149388280785,2
Random,104.0,12.823406310367064,2
Random,106.0,12.741146168705761,2
Random,108.0,12.714262717321342,2
Random,110.0,12.647134578235697,2
Random,112.0,12.598197037991005,2
Random,114.0,12.519478428847414,2
Random,116.0,12.377656149388297,2
Random,118.0,12.363007083065055,2
Random,120.0,12.351577591757906,2
Random,2.0,97.99694140373468,3
Random,4.0,95.99388280746938,3
Random,6.0,93.99919510624592,3
Random,8.0,91.99661944623301,3
Random,10.0,89.99661944623301,3
Random,12.0,87.99146812620727,3
Random,14.0,85.98921442369604,3
Random,16.0,83.98470701867352,3
Random,18.0,81.98486799742429,3
Random,20.0,79.9858338699292,3
Random,22.0,77.9906632324533,3
Random,24.0,75.99871216999354,3
Random,26.0,73.99146812620737,3
Random,28.0,71.99291693496467,3
Random,30.0,69.99517063747595,3
Random,32.0,67.99903412749534,3
Random,34.0,65.98551191242782,3
Random,36.0,63.99597553123013,3
Random,38.0,61.98776561493911,3
Random,40.0,59.98068254990368,3
Random,42.0,57.99629748873176,3
Random,44.0,55.990502253702765,3
Random,46.0,54.11944623309745,3
Random,48.0,52.256278171281586,3
Random,50.0,50.24710238248572,3
Random,52.0,48.243077913715595,3
Random,54.0,46.24291693496479,3
Random,56.0,44.255473277527514,3
Random,58.0,42.24388280746953,3
Random,60.0,40.49919510624612,3
Random,62.0,38.76046361880242,3
Random,64.0,36.88586606567947,3
Random,66.0,35.004185447521095,3
Random,68.0,33.156954282034896,3
Random,70.0,31.283161622665933,3
Random,72.0,29.53332260141672,3
Random,74.0,27.663876368319478,3
Random,76.0,25.672730199613735,3
Random,78.0,23.67224726336131,3
Random,80.0,21.67337411461694,3
Random,82.0,19.666613007083136,3
Random,84.0,17.673374114616927,3
Random,86.0,15.6693496458468,3
Random,88.0,14.861075338055423,3
Random,90.0,14.066484224082476,3
Random,92.0,13.80585962652935,3
Random,94.0,13.473438506117247,3
Random,96.0,13.320508692852592,3
Random,98.0,13.209755312298824,3
Random,100.0,13.090148100450785,3
Random,102.0,12.940920798454645,3
Random,104.0,12.883612363168101,3
Random,106.0,12.757405022537064,3
Random,108.0,12.718931101094693,3
Random,110.0,12.646329684481683,3
Random,112.0,12.581133290405697,3
Random,114.0,12.50193174500969,3
Random,116.0,12.377817128139114,3
Random,118.0,12.339987121699966,3
Random,120.0,12.281390856406983,3
Random,2.0,97.99661944623305,4
Random,4.0,95.99629748873147,4
Random,6.0,93.99983902124917,4
Random,8.0,91.99710238248548,4
Random,10.0,89.99726336123628,4
Random,12.0,87.98792659368955,4
Random,14.0,85.99323889246612,4
Random,16.0,83.99227301996129,4
Random,18.0,81.99533161622658,4
Random,20.0,79.99034127495167,4
Random,22.0,77.9956535737282,4
Random,24.0,75.994204764971,4
Random,26.0,73.93947198969735,4
Random,28.0,71.99710238248552,4
Random,30.0,69.99452672247267,4
Random,32.0,67.90534449452679,4
Random,34.0,65.99710238248558,4
Random,36.0,63.983580167418,4
Random,38.0,61.99517063747593,4
Random,40.0,59.98889246619452,4
Random,42.0,57.99710238248558,4
Random,44.0,55.99629748873153,4
Random,46.0,53.99887314874441,4
Random,48.0,52.1274951706375,4
Random,50.0,50.122021893110144,4
Random,52.0,48.12330972311659,4
Random,54.0,46.25112685125563,4
Random,56.0,44.252414681262074,4
Random,58.0,42.24710238248555,4
Random,60.0,40.248390212492005,4
Random,62.0,38.37749517063755,4
Random,64.0,36.50998068254999,4
Random,66.0,34.5066001287831,4
Random,68.0,32.890373470701945,4
Random,70.0,30.898905344494608,4
Random,72.0,28.8916613007084,4
Random,74.0,26.900837089504282,4
Random,76.0,24.896812620734156,4
Random,78.0,23.02720540888611,4
Random,80.0,21.023180940115978,4
Random,82.0,19.159047005795276,4
Random,84.0,17.40244687701226,4
Random,86.0,15.407276239536403,4
Random,88.0,14.302801030264018,4
Random,90.0,13.407437218287185,4
Random,92.0,13.125402446877013,4
Random,94.0,12.866387636831941,4
Random,96.0,12.75820991629105,4
Random,98.0,12.645041854475211,4
Random,100.0,12.570830650354154,4
Random,102.0,12.513844172569227,4
Random,104.0,12.40502253702512,4
Random,106.0,12.338216355441084,4
Random,108.0,12.267224726336124,4
Random,110.0,12.202511268512554,4
Random,112.0,12.16162266580811,4
Random,114.0,12.046683837733418,4
Random,116.0,11.973277527366385,4
Random,118.0,11.943657437218283,4
Random,120.0,11.87974887314874,4
Random,2.0,97.98164842240821,5
Random,4.0,95.98905344494524,5
Random,6.0,93.99098518995494,5
Random,8.0,91.99581455247903,5
Random,10.0,89.98470701867345,5
Random,12.0,87.99919510624589,5
Random,14.0,85.99661944623304,5
Random,16.0,83.99887314874434,5
Random,18.0,81.9903412749517,5
Random,20.0,79.99533161622664,5
Random,22.0,77.99436574372179,5
Random,24.0,75.99468770122341,5
Random,26.0,73.99565357372826,5
Random,28.0,71.9998390212492,5
Random,30.0,69.99001931745015,5
Random,32.0,67.99468770122354,5
Random,34.0,65.99034127495187,5
Random,36.0,63.994687701223576,5
Random,38.0,61.993399871217136,5
Random,40.0,59.99130714745669,5
Random,42.0,57.99098518995507,5
Random,44.0,55.993560849967935,5
Random,46.0,53.994687701223555,5
Random,48.0,51.92289117836456,5
Random,50.0,49.988570508692945,5
Random,52.0,47.999839021249294,5
Random,54.0,46.05183515775927,5
Random,56.0,44.126851255634335,5
Random,58.0,42.126690276883515,5
Random,60.0,40.11896329684489,5
Random,62.0,38.197681905988475,5
Random,64.0,36.50305859626533,5
Random,66.0,34.63715389568581,5
Random,68.0,32.89552479072771,5
Random,70.0,31.02382485511921,5
Random,72.0,29.027688345138536,5
Random,74.0,27.151320025756675,5
Random,76.0,25.27768834513851,5
Random,78.0,23.331777205408972,5
Random,80.0,21.668383773341994,5
Random,82.0,19.80280103026407,5
Random,84.0,17.7944301352222,5
Random,86.0,15.91629104958151,5
Random,88.0,14.695750160978797,5
Random,90.0,13.652285898261468,5
Random,92.0,13.442047649710275,5
Random,94.0,13.213457823567323,5
Random,96.0,13.058596265293017,5
Random,98.0,12.980199613651036,5
Random,100.0,12.928364455891852,5
Random,102.0,12.839343206696743,5
Random,104.0,12.76851255634259,5
Random,106.0,12.690115904700605,5
Random,108.0,12.606084996780448,5
Random,110.0,12.510302640051535,5
Random,112.0,12.401963940759837,5
Random,114.0,12.316323245331631,5
Random,116.0,12.25370251126853,5
Random,118.0,12.191886670959448,5
Random,120.0,12.160495814552496,5
Random,2.0,97.98824855119122,6
Random,4.0,95.98551191242757,6
Random,6.0,93.99227301996136,6
Random,8.0,91.99645846748226,6
Random,10.0,89.9451062459755,6
Random,12.0,87.99388280746938,6
Random,14.0,85.99372182871859,6
Random,16.0,83.99565357372825,6
Random,18.0,81.98599484867998,6
Random,20.0,79.99774629748875,6
Random,22.0,77.9888924661945,6
Random,24.0,75.99356084996782,6
Random,26.0,73.99597553122992,6
Random,28.0,71.98422408242115,6
Random,30.0,69.9818094011591,6
Random,32.0,67.99227301996149,6
Random,34.0,65.99339987121715,6
Random,36.0,63.99517063747599,6
Random,38.0,61.99500965872519,6
Random,40.0,59.98390212491963,6
Random,42.0,58.12330972311669,6
Random,44.0,56.12524146812633,6
Random,46.0,54.11670959433368,6
Random,48.0,52.12717321313599,6
Random,50.0,50.12830006439164,6
Random,52.0,48.11799742434013,6
Random,54.0,46.12604636188036,6
Random,56.0,44.12266580811345,6
Random,58.0,42.127978106890005,6
Random,60.0,40.250965872504956,6
Random,62.0,38.253058596265426,6
Random,64.0,36.62862202189323,6
Random,66.0,34.63103670315528,6
Random,68.0,32.759819703799224,6
Random,70.0,31.014327108821753,6
Random,72.0,29.02334191886682,6
Random,74.0,27.153251770766357,6
Random,76.0,25.281551835157845,6
Random,78.0,23.28654217643279,6
Random,80.0,21.39777849323896,6
Random,82.0,19.413071474565427,6
Random,84.0,17.54217643271096,6
Random,86.0,15.670315518351643,6
Random,88.0,14.396812620734112,6
Random,90.0,13.461526078557664,6
Random,92.0,12.960077269800415,6
Random,94.0,12.759658725048324,6
Random,96.0,12.621216999356117,6
Random,98.0,12.548454603992305,6
Random,100.0,12.485028976175174,6
Random,102.0,12.386831938184189,6
Random,104.0,12.339665164198351,6
Random,106.0,12.270766258853854,6
Random,108.0,12.182066967160354,6
Random,110.0,12.110270444301374,6
Random,112.0,11.98792659368965,6
Random,114.0,11.904217643271105,6
Random,116.0,11.849645846748246,6
Random,118.0,11.78605924018031,6
Random,120.0,11.75820991629106,6
Random,2.0,97.99533161622665,7
Random,4.0,95.99372182871859,7
Random,6.0,93.99951706374749,7
Random,8.0,91.99195106245969,7
Random,10.0,89.99275595621371,7
Random,12.0,87.99806825499022,7
Random,14.0,85.98760463618791,7
Random,16.0,83.9938828074693,7
Random,18.0,81.98518995492586,7
Random,20.0,79.9954925949774,7
Random,22.0,77.9961365099806,7
Random,24.0,75.98969735994844,7
Random,26.0,73.9885705086928,7
Random,28.0,71.98567289117838,7
Random,30.0,69.99549259497752,7
Random,32.0,67.99661944623317,7
Random,34.0,65.99613650998081,7
Random,36.0,63.97794591113989,7
Random,38.0,61.98921442369624,7
Random,40.0,59.998551191242896,7
Random,42.0,57.99356084996797,7
Random,44.0,55.98615582743092,7
Random,46.0,53.965228589826296,7
Random,48.0,51.94993560849984,7
Random,50.0,49.98696072118498,7
Random,52.0,47.98454603992291,7
Random,54.0,45.973116548615735,7
Random,56.0,43.99774629748886,7
Random,58.0,42.11896329684493,7
Random,60.0,40.12765614938837,7
Random,62.0,38.2569220862847,7
Random,64.0,36.38457823567297,7
Random,66.0,34.380553766902835,7
Random,68.0,32.5048293625242,7
Random,70.0,30.50177076625894,7
Random,72.0,28.5070830650355,7
Random,74.0,26.64005151320035,7
Random,76.0,24.64375402446885,7
Random,78.0,22.63650998068264,7
Random,80.0,20.75837089504194,7
Random,82.0,18.75676110753387,7
Random,84.0,17.014971023824884,7
Random,86.0,15.977623953638156,7
Random,88.0,15.15888602704446,7
Random,90.0,14.692530585962677,7
Random,92.0,14.44735994848682,7
Random,94.0,14.37347070186738,7
Random,96.0,14.258531873792682,7
Random,98.0,14.171603348358039,7
Random,100.0,14.083547971667763,7
Random,102.0,14.02462974887317,7
Random,104.0,13.938345138441747,7
Random,106.0,13.8842562781713,7
Random,108.0,13.804410817772068,7
Random,110.0,13.709272376046378,7
Random,112.0,13.649227301996152,7
Random,114.0,13.554732775273678,7
Random,116.0,13.517385705086937,7
Random,118.0,13.485350933676763,7
Random,120.0,13.467482292337419,7
Random,2.0,97.98760463618798,8
Random,4.0,95.98792659368954,8
Random,6.0,93.98969735994834,8
Random,8.0,91.99500965872488,8
Random,10.0,89.99130714745642,8
Random,12.0,87.98502897617502,8
Random,14.0,85.99339987121692,8
Random,16.0,83.9959755312298,8
Random,18.0,81.99855119124268,8
Random,20.0,79.99678042498385,8
Random,22.0,77.99629748873141,8
Random,24.0,75.99050225370239,8
Random,26.0,73.9975853187379,8
Random,28.0,71.91870573084354,8
Random,30.0,69.99130714745661,8
Random,32.0,67.99066323245343,8
Random,34.0,65.99839021249207,8
Random,36.0,63.99356084996792,8
Random,38.0,61.9855119124277,8
Random,40.0,59.98406310367047,8
Random,42.0,57.988248551191376,8
Random,44.0,55.99951706374773,8
Random,46.0,53.926271732131504,8
Random,48.0,51.988731487443815,8
Random,50.0,49.87974887314889,8
Random,52.0,47.99372182871877,8
Random,54.0,45.987443657437375,8
Random,56.0,43.98583386992928,8
Random,58.0,41.99758531873804,8
Random,60.0,39.99742433998722,8
Random,62.0,37.999356084996904,8
Random,64.0,35.998229233741284,8
Random,66.0,33.984385061172034,8
Random,68.0,31.99050225370259,8
Random,70.0,30.12765614938836,8
Random,72.0,28.25064391500328,8
Random,74.0,26.765936896329745,8
Random,76.0,25.028171281390904,8
Random,78.0,23.28734707018677,8
Random,80.0,21.416452028332305,8
Random,82.0,19.64729555698649,8
Random,84.0,17.791693496458482,8
Random,86.0,15.922408242112073,8
Random,88.0,14.338699291693521,8
Random,90.0,13.61960721184806,8
Random,92.0,13.309240180296229,8
Random,94.0,13.035415325177095,8
Random,96.0,12.900676110753398,8
Random,98.0,12.787669027688361,8
Random,100.0,12.670798454604009,8
Random,102.0,12.548615582743091,8
Random,104.0,12.437701223438523,8
Random,106.0,12.34191886670961,8
Random,108.0,12.260302640051526,8
Random,110.0,12.209755312298784,8
Random,112.0,12.096104314230528,8
Random,114.0,12.02060528010303,8
Random,116.0,11.95798454603993,8
Random,118.0,11.868963296844823,8
Random,120.0,11.829684481648426,8
Random,2.0,97.98486799742426,9
Random,4.0,95.99629748873139,9
Random,6.0,93.98470701867342,9
Random,8.0,91.98969735994842,9
Random,10.0,89.99227301996127,9
Random,12.0,87.99806825499024,9
Random,14.0,85.98647778493228,9
Random,16.0,83.99919510624589,9
Random,18.0,81.98857050869279,9
Random,20.0,79.98824855119115,9
Random,22.0,77.98905344494521,9
Random,24.0,75.99871216999357,9
Random,26.0,73.99420476497099,9
Random,28.0,71.9913071474565,9
Random,30.0,69.98502897617513,9
Random,32.0,67.99774629748883,9
Random,34.0,65.99211204121072,9
Random,36.0,63.98712169993574,9
Random,38.0,61.901481004507566,9
Random,40.0,59.99629748873164,9
Random,42.0,57.999195106246134,9
Random,44.0,55.997746297488874,9
Random,46.0,53.99323889246631,9
Random,48.0,51.97714101738583,9
Random,50.0,49.9839021249196,9
Random,52.0,47.97762395363816,9
Random,54.0,45.98985833869934,9
Random,56.0,43.99388280746948,9
Random,58.0,41.99179008370902,9
Random,60.0,39.99082421120424,9
Random,62.0,38.12588538312956,9
Random,64.0,36.245653573728355,9
Random,66.0,34.245975531229966,9
Random,68.0,32.38200257566009,9
Random,70.0,30.757083065035484,9
Random,72.0,28.769639407598262,9
Random,74.0,26.766902768834566,9
Random,76.0,24.769961365099856,9
Random,78.0,22.765775917578928,9
Random,80.0,20.768673535093416,9
Random,82.0,18.890534449452712,9
Random,84.0,17.028171281390897,9
Random,86.0,15.186896329684538,9
Random,88.0,14.346909207984599,9
Random,90.0,13.909690920798509,9
Random,92.0,13.598036059240231,9
Random,94.0,13.345299420476554,9
Random,96.0,13.153573728267922,9
Random,98.0,13.070347714101793,9
Random,100.0,12.958789439793994,9
Random,102.0,12.846909207984595,9
Random,104.0,12.762395363812026,9
Random,106.0,12.679813264649109,9
Random,108.0,12.572118480360636,9
Random,110.0,12.514649066323285,9
Random,112.0,12.421764327108864,9
Random,114.0,12.37395363811981,9
Random,116.0,12.302962009014848,9
Random,118.0,12.21893110109469,9
Random,120.0,12.160817772054122,9
BestFit,2.0,97.99822923374111,0
BestFit,4.0,95.9859948486799,0
BestFit,6.0,93.98502897617504,0
BestFit,8.0,91.98535093367668,0
BestFit,10.0,89.99581455247905,0
BestFit,12.0,87.99549259497745,0
BestFit,14.0,85.99420476497104,0
BestFit,16.0,83.9719896973599,0
BestFit,18.0,81.98840952994198,0
BestFit,20.0,79.9916291049581,0
BestFit,22.0,77.99259497746293,0
BestFit,24.0,75.99388280746938,0
BestFit,26.0,73.99275595621376,0
BestFit,28.0,71.98776561493887,0
BestFit,30.0,69.99726336123635,0
BestFit,32.0,67.97987765614945,0
BestFit,34.0,65.99710238248568,0
BestFit,36.0,63.94687701223454,0
BestFit,38.0,61.96571152607871,0
BestFit,40.0,59.98696072118494,0
BestFit,42.0,57.995814552479196,0
BestFit,44.0,55.99195106245989,0
BestFit,46.0,53.996297488731614,0
BestFit,48.0,51.990663232453436,0
BestFit,50.0,49.991629104958264,0
BestFit,52.0,47.93882807469424,0
BestFit,54.0,45.98985833869939,0
BestFit,56.0,43.9840631036704,0
BestFit,58.0,41.98873148744372,0
BestFit,60.0,39.98921442369613,0
BestFit,62.0,37.994365743721865,0
BestFit,64.0,35.988731487443694,0
BestFit,66.0,33.9956535737283,0
BestFit,68.0,31.995331616226668,0
BestFit,70.0,29.999517063747593,0
BestFit,72.0,27.99565357372828,0
BestFit,74.0,25.962330972311676,0
BestFit,76.0,23.987282678686444,0
BestFit,78.0,21.990663232453343,0
BestFit,80.0,19.98551191242759,0
BestFit,82.0,17.991307147456563,0
BestFit,84.0,15.929491307147483,0
BestFit,86.0,13.997102382485538,0
BestFit,88.0,11.985672891178394,0
BestFit,90.0,9.997907276239548,0
BestFit,92.0,7.999195106245955,0
BestFit,94.0,6.87169993560848,0
BestFit,96.0,6.866065679330309,0
BestFit,98.0,6.858338699291674,0
BestFit,100.0,6.839665164198307,0
BestFit,102.0,6.836284610431403,0
BestFit,104.0,6.829362524146794,0
BestFit,106.0,6.810688989053427,0
BestFit,108.0,6.804732775273645,0
BestFit,110.0,6.793142305215694,0
BestFit,112.0,6.7735028976174965,0
BestFit,114.0,6.770927237604618,0
BestFit,116.0,6.747102382485494,0
BestFit,118.0,6.741951062459737,0
BestFit,120.0,6.7229555698647605,0
BestFit,2.0,97.98921442369604,1
BestFit,4.0,95.99291693496448,1
BestFit,6.0,93.98679974243387,1
BestFit,8.0,91.97488731487435,1
BestFit,10.0,89.99034127495165,1
BestFit,12.0,87.99758531873792,1
BestFit,14.0,85.99597553122987,1
BestFit,16.0,83.98824855119119,1
BestFit,18.0,81.9898583386992,1
BestFit,20.0,79.99661944623308,1
BestFit,22.0,77.9872826786864,1
BestFit,24.0,75.99597553122987,1
BestFit,26.0,73.9959755312299,1
BestFit,28.0,71.98824855119132,1
BestFit,30.0,69.99227301996146,1
BestFit,32.0,67.99001931745025,1
BestFit,34.0,65.99855119124292,1
BestFit,36.0,63.99806825499048,1
BestFit,38.0,61.98438506117204,1
BestFit,40.0,59.985672891178474,1
BestFit,42.0,57.99001931745021,1
BestFit,44.0,55.9895363811978,1
BestFit,46.0,53.99758531873804,1
BestFit,48.0,51.99581455247917,1
BestFit,50.0,49.896490663232534,1
BestFit,52.0,47.99871216999365,1
BestFit,54.0,45.98985833869938,1
BestFit,56.0,43.990019317450155,1
BestFit,58.0,41.99726336123638,1
BestFit,60.0,39.991790083709,1
BestFit,62.0,37.9954925949775,1
BestFit,64.0,35.99935608499681,1
BestFit,66.0,33.99903412749519,1
BestFit,68.0,31.991146168705747,1
BestFit,70.0,29.997585318737947,1
BestFit,72.0,27.98792659368965,1
BestFit,74.0,25.998873148744376,1
BestFit,76.0,23.994365743721843,1
BestFit,78.0,21.993721828718627,1
BestFit,80.0,19.9863168061816,1
BestFit,82.0,17.993399871217015,1
BestFit,84.0,15.987765614938851,1
BestFit,86.0,13.993399871217015,1
BestFit,88.0,11.999034127495184,1
BestFit,90.0,9.990824211204117,1
BestFit,92.0,7.99050225370249,1
BestFit,94.0,7.038312942691544,1
BestFit,96.0,7.011912427559541,1
BestFit,98.0,7.006761107533784,1
BestFit,100.0,6.997263361236294,1
BestFit,102.0,6.965067611075315,1
BestFit,104.0,6.953960077269778,1
BestFit,106.0,6.948003863489996,1
BestFit,108.0,6.930135222150653,1
BestFit,110.0,6.930135222150653,1
BestFit,112.0,6.902446877012211,1
BestFit,114.0,6.880392788151939,1
BestFit,116.0,6.843045717965203,1
BestFit,118.0,6.8258209916290795,1
BestFit,120.0,6.796844816484199,1
BestFit,2.0,97.93206696716034,2
BestFit,4.0,95.99517063747578,2
BestFit,6.0,93.98889246619437,2
BestFit,8.0,91.98712169993554,2
BestFit,10.0,89.98712169993559,2
BestFit,12.0,87.99951706374756,2
BestFit,14.0,85.99565357372826,2
BestFit,16.0,83.98712169993554,2
BestFit,18.0,81.99629748873139,2
BestFit,20.0,79.98873148744353,2
BestFit,22.0,77.99356084996771,2
BestFit,24.0,75.99726336123621,2
BestFit,26.0,73.99710238248544,2
BestFit,28.0,71.99935608499679,2
BestFit,30.0,69.99372182871862,2
BestFit,32.0,67.98857050869293,2
BestFit,34.0,65.99420476497114,2
BestFit,36.0,63.98309723116561,2
BestFit,38.0,61.99758531873803,2
BestFit,40.0,59.98905344494536,2
BestFit,42.0,57.99195106245985,2
BestFit,44.0,55.996619446233176,2
BestFit,46.0,53.99243399871225,2
BestFit,48.0,51.98728267868651,2
BestFit,50.0,49.99645846748238,2
BestFit,52.0,47.99533161622672,2
BestFit,54.0,45.990663232453386,2
BestFit,56.0,43.990824211204185,2
BestFit,58.0,41.995492594977534,2
BestFit,60.0,39.99404378622028,2
BestFit,62.0,37.995009658725095,2
BestFit,64.0,35.99452672247266,2
BestFit,66.0,33.99372182871863,2
BestFit,68.0,31.993560849967817,2
BestFit,70.0,29.99935608499679,2
BestFit,72.0,27.991790083708963,2
BestFit,74.0,25.99855119124277,2
BestFit,76.0,23.999195106245985,2
BestFit,78.0,21.995331616226668,2
BestFit,80.0,19.9930779137154,2
BestFit,82.0,17.98406310367033,2
BestFit,84.0,15.991790083708967,2
BestFit,86.0,13.995492594977483,2
BestFit,88.0,11.997907276239555,2
BestFit,90.0,9.994848679974254,2
BestFit,92.0,7.990985189954902,2
BestFit,94.0,7.203638119768168,2
BestFit,96.0,7.182388924661923,2
BestFit,98.0,7.166291049581433,2
BestFit,100.0,7.150837089504164,2
BestFit,102.0,7.136992916934943,2
BestFit,104.0,7.113168061815818,2
BestFit,106.0,7.105441081777183,2
BestFit,108.0,7.105441081777183,2
BestFit,110.0,7.092562781712792,2
BestFit,112.0,7.079684481648401,2
BestFit,114.0,7.053283966516398,2
BestFit,116.0,7.038634900193151,2
BestFit,118.0,7.038634900193151,2
BestFit,120.0,7.030907920154518,2
BestFit,2.0,97.99694140373472,3
BestFit,4.0,95.99388280746938,3
BestFit,6.0,93.99919510624593,3
BestFit,8.0,91.99661944623307,3
BestFit,10.0,89.99661944623308,3
BestFit,12.0,87.99146812620735,3
BestFit,14.0,85.98921442369611,3
BestFit,16.0,83.9847070186735,3
BestFit,18.0,81.98486799742427,3
BestFit,20.0,79.98583386992915,3
BestFit,22.0,77.99066323245329,3
BestFit,24.0,75.99871216999354,3
BestFit,26.0,73.99146812620731,3
BestFit,28.0,71.99291693496458,3
BestFit,30.0,69.9951706374759,3
BestFit,32.0,67.99903412749525,3
BestFit,34.0,65.98551191242768,3
BestFit,36.0,63.99597553122997,3
BestFit,38.0,61.98776561493894,3
BestFit,40.0,59.9806825499035,3
BestFit,42.0,57.996297488731564,3
BestFit,44.0,55.99050225370259,3
BestFit,46.0,53.99066323245341,3
BestFit,48.0,51.99871216999365,3
BestFit,50.0,49.98953638119777,3
BestFit,52.0,47.98551191242765,3
BestFit,54.0,45.98535093367684,3
BestFit,56.0,43.997907276239616,3
BestFit,58.0,41.98631680618167,3
BestFit,60.0,39.98406310367039,3
BestFit,62.0,37.98776561493889,3
BestFit,64.0,35.984385061171956,3
BestFit,66.0,33.97392144236962,3
BestFit,68.0,31.997907276239545,3
BestFit,70.0,29.99533161622668,3
BestFit,72.0,27.98792659368965,3
BestFit,74.0,25.9896973599485,3
BestFit,76.0,23.998551191242772,3
BestFit,78.0,21.99806825499035,3
BestFit,80.0,19.999195106245985,3
BestFit,82.0,17.992433998712183,3
BestFit,84.0,15.999195106245988,3
BestFit,86.0,13.995170637475871,3
BestFit,88.0,11.995653573728283,3
BestFit,90.0,9.996780424983912,3
BestFit,92.0,7.9972633612362936,3
BestFit,94.0,7.438667095943312,3
BestFit,96.0,7.415647134578212,3
BestFit,98.0,7.396973599484845,3
BestFit,100.0,7.390051513200234,3
BestFit,102.0,7.384900193174477,3
BestFit,104.0,7.3797488731487215,3
BestFit,106.0,7.300708306503519,3
BestFit,108.0,7.294752092723739,3
BestFit,110.0,7.274307791371516,3
BestFit,112.0,7.267385705086905,3
BestFit,114.0,7.241790083708928,3
BestFit,116.0,7.224565357372806,3
BestFit,118.0,7.201545396007707,3
BestFit,120.0,7.169349645846726,3
BestFit,2.0,97.99661944623314,4
BestFit,4.0,95.99629748873146,4
BestFit,6.0,93.99983902124916,4
BestFit,8.0,91.9971023824855,4
BestFit,10.0,89.9972633612363,4
BestFit,12.0,87.98792659368962,4
BestFit,14.0,85.99323889246621,4
BestFit,16.0,83.99227301996136,4
BestFit,18.0,81.99533161622657,4
BestFit,20.0,79.99034127495156,4
BestFit,22.0,77.99565357372813,4
BestFit,24.0,75.9942047649709,4
BestFit,26.0,73.93947198969725,4
BestFit,28.0,71.99710238248544,4
BestFit,30.0,69.9945267224726,4
BestFit,32.0,67.90534449452679,4
BestFit,34.0,65.99710238248568,4
BestFit,36.0,63.98358016741804,4
BestFit,38.0,61.995170637475994,4
BestFit,40.0,59.9888924661946,4
BestFit,42.0,57.99710238248564,4
BestFit,44.0,55.996297488731614,4
BestFit,46.0,53.99887314874447,4
BestFit,48.0,51.99871216999367,4
BestFit,50.0,49.993238892466294,4
BestFit,52.0,47.99452672247273,4
BestFit,54.0,45.993560849967906,4
BestFit,56.0,43.99484867997432,4
BestFit,58.0,41.98953638119775,4
BestFit,60.0,39.99082421120418,4
BestFit,62.0,37.99114616870579,4
BestFit,64.0,35.9948486799743,4
BestFit,66.0,33.99146812620737,4
BestFit,68.0,31.98889246619448,4
BestFit,70.0,29.997424339987138,4
BestFit,72.0,27.99018029620092,4
BestFit,74.0,25.9993560849968,4
BestFit,76.0,23.99533161622668,4
BestFit,78.0,21.996941403734727,4
BestFit,80.0,19.9929169349646,4
BestFit,82.0,18.000000000000014,4
BestFit,84.0,15.985833869929191,4
BestFit,86.0,13.990663232453343,4
BestFit,88.0,11.984707018673568,4
BestFit,90.0,9.994687701223457,4
BestFit,92.0,7.9969414037346915,4
BestFit,94.0,7.064069542820333,4
BestFit,96.0,7.053766902768818,4
BestFit,98.0,7.01963940759818,4
BestFit,100.0,7.001609787508032,4
BestFit,102.0,6.974243399871201,4
BestFit,104.0,6.956374758531856,4
BestFit,106.0,6.9512234385061005,4
BestFit,108.0,6.917900837089487,4
BestFit,110.0,6.908403090791998,4
BestFit,112.0,6.9058274307791185,4
BestFit,114.0,6.86928525434641,4
BestFit,116.0,6.835801674178993,4
BestFit,118.0,6.8272698003863335,4
BestFit,120.0,6.811815840309064,4
BestFit,2.0,97.98164842240824,5
BestFit,4.0,95.9890534449452,5
BestFit,6.0,93.99098518995484,5
BestFit,8.0,91.995814552479,5
BestFit,10.0,89.98470701867349,5
BestFit,12.0,87.99919510624596,5
BestFit,14.0,85.99661944623314,5
BestFit,16.0,83.99887314874441,5
BestFit,18.0,81.99034127495167,5
BestFit,20.0,79.99533161622665,5
BestFit,22.0,77.99436574372183,5
BestFit,24.0,75.99468770122341,5
BestFit,26.0,73.99565357372829,5
BestFit,28.0,71.99983902124923,5
BestFit,30.0,69.99001931745009,5
BestFit,32.0,67.99468770122353,5
BestFit,34.0,65.99034127495187,5
BestFit,36.0,63.994687701223604,5
BestFit,38.0,61.99339987121715,5
BestFit,40.0,59.99130714745667,5
BestFit,42.0,57.99098518995507,5
BestFit,44.0,55.99356084996795,5
BestFit,46.0,53.994687701223576,5
BestFit,48.0,51.92289117836457,5
BestFit,50.0,49.988570508692966,5
BestFit,52.0,47.99983902124927,5
BestFit,54.0,45.92305215711535,5
BestFit,56.0,43.998068254990415,5
BestFit,58.0,41.99790727623961,5
BestFit,60.0,39.99018029620097,5
BestFit,62.0,37.94011590470064,5
BestFit,64.0,35.98792659368966,5
BestFit,66.0,33.9932388924662,5
BestFit,68.0,31.994043786220228,5
BestFit,70.0,29.99356084996781,5
BestFit,72.0,27.99742433998713,5
BestFit,74.0,25.992273019961377,5
BestFit,76.0,23.989858338699303,5
BestFit,78.0,21.915164198325826,5
BestFit,80.0,19.994204764971037,5
BestFit,82.0,17.999839021249212,5
BestFit,84.0,15.991468126207357,5
BestFit,86.0,13.984546039922746,5
BestFit,88.0,11.991307147456553,5
BestFit,90.0,9.987604636188014,5
BestFit,92.0,7.9880875724404135,5
BestFit,94.0,7.071474565357348,5
BestFit,96.0,7.047649710238224,5
BestFit,98.0,7.045074050225346,5
BestFit,100.0,7.0321957501609536,5
BestFit,102.0,7.014327108821611,5
BestFit,104.0,7.012556342562758,5
BestFit,106.0,7.0099806825498785,5
BestFit,108.0,7.003863490019293,5
BestFit,110.0,6.967804249838997,5
BestFit,112.0,6.960077269800362,5
BestFit,114.0,6.9285254346426015,5
BestFit,116.0,6.921603348357992,5
BestFit,118.0,6.9146812620733815,5
BestFit,120.0,6.905183515775892,5
BestFit,2.0,97.98824855119122,6
BestFit,4.0,95.98551191242747,6
BestFit,6.0,93.99227301996133,6
BestFit,8.0,91.99645846748226,6
BestFit,10.0,89.94510624597548,6
BestFit,12.0,87.99388280746938,6
BestFit,14.0,85.99372182871858,6
BestFit,16.0,83.99565357372823,6
BestFit,18.0,81.98599484867984,6
BestFit,20.0,79.99774629748863,6
BestFit,22.0,77.98889246619436,6
BestFit,24.0,75.99356084996772,6
BestFit,26.0,73.9959755312298,6
BestFit,28.0,71.98422408242105,6
BestFit,30.0,69.98180940115901,6
BestFit,32.0,67.99227301996137,6
BestFit,34.0,65.99339987121712,6
BestFit,36.0,63.99517063747595,6
BestFit,38.0,61.995009658725145,6
BestFit,40.0,59.98390212491961,6
BestFit,42.0,57.99452672247271,6
BestFit,44.0,55.99645846748238,6
BestFit,46.0,53.98792659368973,6
BestFit,48.0,51.998390212492055,6
BestFit,50.0,49.99951706374768,6
BestFit,52.0,47.98921442369617,6
BestFit,54.0,45.99726336123641,6
BestFit,56.0,43.9938828074695,6
BestFit,58.0,41.99919510624605,6
BestFit,60.0,39.99339987121707,6
BestFit,62.0,37.99549259497752,6
BestFit,64.0,35.98470701867358,6
BestFit,66.0,33.987121699935635,6
BestFit,68.0,31.987121699935628,6
BestFit,70.0,29.984063103670326,6
BestFit,72.0,27.993077913715403,6
BestFit,74.0,25.99420476497103,6
BestFit,76.0,23.993721828718623,6
BestFit,78.0,21.998712169993574,6
BestFit,80.0,19.98116548615584,6
BestFit,82.0,17.996458467482306,6
BestFit,84.0,15.996780424983914,6
BestFit,86.0,13.996136509980692,6
BestFit,88.0,11.998229233741156,6
BestFit,90.0,9.990019317450113,6
BestFit,92.0,7.989375402446859,6
BestFit,94.0,6.994204764971007,6
BestFit,96.0,6.992433998712152,6
BestFit,98.0,6.9652285898261255,6
BestFit,100.0,6.949774629748856,6
BestFit,102.0,6.922569220862829,6
BestFit,104.0,6.910817772054073,6
BestFit,106.0,6.908242112041194,6
BestFit,108.0,6.900515132002559,6
BestFit,110.0,6.890212491951046,6
BestFit,112.0,6.88506117192529,6
BestFit,114.0,6.8729877656149245,6
BestFit,116.0,6.865260785576288,6
BestFit,118.0,6.854153251770753,6
BestFit,120.0,6.833708950418532,6
BestFit,2.0,97.99533161622666,7
BestFit,4.0,95.99372182871852,7
BestFit,6.0,93.99951706374748,7
BestFit,8.0,91.99195106245965,7
BestFit,10.0,89.99275595621373,7
BestFit,12.0,87.99806825499033,7
BestFit,14.0,85.98760463618805,7
BestFit,16.0,83.9938828074694,7
BestFit,18.0,81.9851899549259,7
BestFit,20.0,79.9954925949774,7
BestFit,22.0,77.99613650998066,7
BestFit,24.0,75.98969735994848,7
BestFit,26.0,73.98857050869286,7
BestFit,28.0,71.98567289117842,7
BestFit,30.0,69.99549259497752,7
BestFit,32.0,67.99661944623323,7
BestFit,34.0,65.99613650998086,7
BestFit,36.0,63.97794591113989,7
BestFit,38.0,61.98921442369622,7
BestFit,40.0,59.99855119124289,7
BestFit,42.0,57.99356084996794,7
BestFit,44.0,55.98615582743089,7
BestFit,46.0,53.965228589826275,7
BestFit,48.0,51.949935608499786,7
BestFit,50.0,49.98696072118491,7
BestFit,52.0,47.98454603992282,7
BestFit,54.0,45.973116548615664,7
BestFit,56.0,43.99774629748879,7
BestFit,58.0,41.990180296200954,7
BestFit,60.0,39.998873148744416,7
BestFit,62.0,37.99935608499682,7
BestFit,64.0,35.99822923374118,7
BestFit,66.0,33.99420476497102,7
BestFit,68.0,31.989697359948494,7
BestFit,70.0,29.9866387636832,7
BestFit,72.0,27.991951062459762,7
BestFit,74.0,25.996136509980694,7
BestFit,76.0,23.999839021249212,7
BestFit,78.0,21.99259497746299,7
BestFit,80.0,19.985672891178382,7
BestFit,82.0,17.984063103670344,7
BestFit,84.0,15.984707018673564,7
BestFit,86.0,13.997585318737956,7
BestFit,88.0,11.987604636188056,7
BestFit,90.0,9.98470701867355,7
BestFit,92.0,7.92916934964583,7
BestFit,94.0,7.124275595621361,7
BestFit,96.0,7.097070186735334,7
BestFit,98.0,7.063103670315502,7
BestFit,100.0,7.045074050225354,7
BestFit,102.0,7.033966516419817,7
BestFit,104.0,7.015936896329668,7
BestFit,106.0,7.006439150032179,7
BestFit,108.0,6.990180296200885,7
BestFit,110.0,6.987604636188006,7
BestFit,112.0,6.983258209916275,7
BestFit,114.0,6.978106889890519,7
BestFit,116.0,6.963457823567273,7
BestFit,118.0,6.949774629748857,7
BestFit,120.0,6.942852543464248,7
BestFit,2.0,97.98760463618801,8
BestFit,4.0,95.9879265936896,8
BestFit,6.0,93.98969735994844,8
BestFit,8.0,91.995009658725,8
BestFit,10.0,89.99130714745654,8
BestFit,12.0,87.98502897617517,8
BestFit,14.0,85.99339987121704,8
BestFit,16.0,83.9959755312299,8
BestFit,18.0,81.99855119124271,8
BestFit,20.0,79.9967804249839,8
BestFit,22.0,77.99629748873147,8
BestFit,24.0,75.99050225370254,8
BestFit,26.0,73.99758531873795,8
BestFit,28.0,71.91870573084358,8
BestFit,30.0,69.99130714745657,8
BestFit,32.0,67.99066323245341,8
BestFit,34.0,65.99839021249207,8
BestFit,36.0,63.9935608499679,8
BestFit,38.0,61.98551191242765,8
BestFit,40.0,59.9840631036704,8
BestFit,42.0,57.98824855119133,8
BestFit,44.0,55.99951706374768,8
BestFit,46.0,53.92627173213145,8
BestFit,48.0,51.98873148744375,8
BestFit,50.0,49.87974887314883,8
BestFit,52.0,47.99372182871869,8
BestFit,54.0,45.987443657437304,8
BestFit,56.0,43.985833869929216,8
BestFit,58.0,41.997585318737976,8
BestFit,60.0,39.99742433998716,8
BestFit,62.0,37.99935608499682,8
BestFit,64.0,35.998229233741185,8
BestFit,66.0,33.984385061171956,8
BestFit,68.0,31.990502253702534,8
BestFit,70.0,29.99887314874438,8
BestFit,72.0,27.993077913715403,8
BestFit,74.0,25.99323889246621,8
BestFit,76.0,23.99790727623955,8
BestFit,78.0,21.999517063747597,8
BestFit,80.0,19.999839021249205,8
BestFit,82.0,17.97311654861559,8
BestFit,84.0,15.988731487443667,8
BestFit,86.0,13.99066323245332,8
BestFit,88.0,11.988409529942059,8
BestFit,90.0,9.997585318737924,8
BestFit,92.0,7.985833869929146,8
BestFit,94.0,6.555859626529273,8
BestFit,96.0,6.555859626529273,8
BestFit,98.0,6.5540888602704195,8
BestFit,100.0,6.52945911139727,8
BestFit,102.0,6.511590470057927,8
BestFit,104.0,6.486155827430755,8
BestFit,106.0,6.479233741146144,8
BestFit,108.0,6.474887314874413,8
BestFit,110.0,6.46893110109463,8
BestFit,112.0,6.46200901481002,8
BestFit,114.0,6.456857694784262,8
BestFit,116.0,6.451706374758507,8
BestFit,118.0,6.4356084996780165,8
BestFit,120.0,6.43045717965226,8
BestFit,2.0,97.98486799742436,9
BestFit,4.0,95.99629748873144,9
BestFit,6.0,93.98470701867352,9
BestFit,8.0,91.98969735994847,9
BestFit,10.0,89.99227301996132,9
BestFit,12.0,87.99806825499033,9
BestFit,14.0,85.98647778493239,9
BestFit,16.0,83.99919510624592,9
BestFit,18.0,81.98857050869279,9
BestFit,20.0,79.98824855119116,9
BestFit,22.0,77.98905344494521,9
BestFit,24.0,75.99871216999352,9
BestFit,26.0,73.994204764971,9
BestFit,28.0,71.99130714745652,9
BestFit,30.0,69.98502897617514,9
BestFit,32.0,67.99774629748883,9
BestFit,34.0,65.99211204121072,9
BestFit,36.0,63.987121699935756,9
BestFit,38.0,61.901481004507545,9
BestFit,40.0,59.99629748873162,9
BestFit,42.0,57.99919510624609,9
BestFit,44.0,55.997746297488845,9
BestFit,46.0,53.9932388924663,9
BestFit,48.0,51.97714101738582,9
BestFit,50.0,49.98390212491963,9
BestFit,52.0,47.97762395363822,9
BestFit,54.0,45.98985833869939,9
BestFit,56.0,43.9938828074695,9
BestFit,58.0,41.99179008370903,9
BestFit,60.0,39.9908242112042,9
BestFit,62.0,37.99710238248557,9
BestFit,64.0,35.98808757244048,9
BestFit,66.0,33.98840952994207,9
BestFit,68.0,31.995653573728266,9
BestFit,70.0,29.984385061171924,9
BestFit,72.0,27.996941403734706,9
BestFit,74.0,25.99420476497102,9
BestFit,76.0,23.997263361236318,9
BestFit,78.0,21.993077913715386,9
BestFit,80.0,19.995975531229877,9
BestFit,82.0,17.989053444945277,9
BestFit,84.0,15.997907276239554,9
BestFit,86.0,13.995653573728287,9
BestFit,88.0,11.99661944623312,9
BestFit,90.0,9.99227301996138,9
BestFit,92.0,7.994848679974222,9
BestFit,94.0,6.999517063747565,9
BestFit,96.0,6.978106889890514,9
BestFit,98.0,6.971667739858319,9
BestFit,100.0,6.936735350933657,9
BestFit,102.0,6.934159690920777,9
BestFit,104.0,6.9256278171281185,9
BestFit,106.0,6.921281390856386,9
BestFit,108.0,6.879587894397919,9
BestFit,110.0,6.871538956857674,9
BestFit,112.0,6.866387636831918,9
BestFit,114.0,6.864616870573063,9
BestFit,116.0,6.835640695428183,9
BestFit,118.0,6.835640695428183,9
BestFit,120.0,6.819542820347693,9
BestFit-PN,2.0,97.99822923374114,0
BestFit-PN,4.0,95.98599484867997,0
BestFit-PN,6.0,93.98502897617516,0
BestFit-PN,8.0,91.98535093367676,0
BestFit-PN,10.0,89.99581455247908,0
BestFit-PN,12.0,87.99549259497745,0
BestFit-PN,14.0,85.99420476497103,0
BestFit-PN,16.0,83.97198969735994,0
BestFit-PN,18.0,81.98840952994205,0
BestFit-PN,20.0,79.99162910495814,0
BestFit-PN,22.0,77.99259497746297,0
BestFit-PN,24.0,75.99388280746942,0
BestFit-PN,26.0,73.99275595621378,0
BestFit-PN,28.0,71.98776561493882,0
BestFit-PN,30.0,69.9972633612363,0
BestFit-PN,32.0,67.97987765614938,0
BestFit-PN,34.0,65.99710238248551,0
BestFit-PN,36.0,63.94687701223438,0
BestFit-PN,38.0,61.96571152607856,0
BestFit-PN,40.0,59.9869607211848,0
BestFit-PN,42.0,57.995814552479075,0
BestFit-PN,44.0,55.991951062459755,0
BestFit-PN,46.0,53.99629748873149,0
BestFit-PN,48.0,51.990663232453315,0
BestFit-PN,50.0,49.99162910495814,0
BestFit-PN,52.0,47.93882807469414,0
BestFit-PN,54.0,45.98985833869928,0
BestFit-PN,56.0,43.98406310367031,0
BestFit-PN,58.0,41.98873148744365,0
BestFit-PN,60.0,39.98921442369607,0
BestFit-PN,62.0,37.99436574372182,0
BestFit-PN,64.0,35.98873148744365,0
BestFit-PN,66.0,33.995653573728255,0
BestFit-PN,68.0,31.99533161622665,0
BestFit-PN,70.0,29.99951706374758,0
BestFit-PN,72.0,27.99565357372826,0
BestFit-PN,74.0,25.96233097231164,0
BestFit-PN,76.0,23.9872826786864,0
BestFit-PN,78.0,21.990663232453304,0
BestFit-PN,80.0,19.985511912427548,0
BestFit-PN,82.0,17.991307147456524,0
BestFit-PN,84.0,15.929491307147442,0
BestFit-PN,86.0,13.9971023824855,0
BestFit-PN,88.0,11.985672891178353,0
BestFit-PN,90.0,9.997907276239525,0
BestFit-PN,92.0,7.999195106245965,0
BestFit-PN,94.0,6.4576625885383,0
BestFit-PN,96.0,6.452028332260127,0
BestFit-PN,98.0,6.444301352221495,0
BestFit-PN,100.0,6.425627817128128,0
BestFit-PN,102.0,6.422247263361225,0
BestFit-PN,104.0,6.415325177076614,0
BestFit-PN,106.0,6.396651641983246,0
BestFit-PN,108.0,6.390695428203465,0
BestFit-PN,110.0,6.379104958145512,0
BestFit-PN,112.0,6.359465550547316,0
BestFit-PN,114.0,6.356889890534437,0
BestFit-PN,116.0,6.333065035415314,0
BestFit-PN,118.0,6.327913715389556,0
BestFit-PN,120.0,6.308918222794578,0
BestFit-PN,2.0,97.98921442369607,1
BestFit-PN,4.0,95.99291693496458,1
BestFit-PN,6.0,93.986799742434,1
BestFit-PN,8.0,91.97488731487444,1
BestFit-PN,10.0,89.9903412749517,1
BestFit-PN,12.0,87.99758531873792,1
BestFit-PN,14.0,85.99597553122987,1
BestFit-PN,16.0,83.98824855119125,1
BestFit-PN,18.0,81.98985833869929,1
BestFit-PN,20.0,79.99661944623308,1
BestFit-PN,22.0,77.98728267868641,1
BestFit-PN,24.0,75.99597553122987,1
BestFit-PN,26.0,73.99597553122987,1
BestFit-PN,28.0,71.98824855119123,1
BestFit-PN,30.0,69.99227301996137,1
BestFit-PN,32.0,67.9900193174501,1
BestFit-PN,34.0,65.99855119124275,1
BestFit-PN,36.0,63.998068254990336,1
BestFit-PN,38.0,61.98438506117192,1
BestFit-PN,40.0,59.98567289117835,1
BestFit-PN,42.0,57.99001931745009,1
BestFit-PN,44.0,55.98953638119768,1
BestFit-PN,46.0,53.997585318737926,1
BestFit-PN,48.0,51.99581455247907,1
BestFit-PN,50.0,49.89649066323245,1
BestFit-PN,52.0,47.99871216999356,1
BestFit-PN,54.0,45.98985833869928,1
BestFit-PN,56.0,43.9900193174501,1
BestFit-PN,58.0,41.997263361236314,1
BestFit-PN,60.0,39.99179008370894,1
BestFit-PN,62.0,37.995492594977456,1
BestFit-PN,64.0,35.999356084996776,1
BestFit-PN,66.0,33.999034127495165,1
BestFit-PN,68.0,31.991146168705725,1
BestFit-PN,70.0,29.99758531873792,1
BestFit-PN,72.0,27.98792659368962,1
BestFit-PN,74.0,25.998873148744355,1
BestFit-PN,76.0,23.994365743721822,1
BestFit-PN,78.0,21.993721828718602,1
BestFit-PN,80.0,19.986316806181577,1
BestFit-PN,82.0,17.99339987121699,1
BestFit-PN,84.0,15.987765614938818,1
BestFit-PN,86.0,13.993399871216985,1
BestFit-PN,88.0,11.999034127495158,1
BestFit-PN,90.0,9.990824211204107,1
BestFit-PN,92.0,7.990502253702495,1
BestFit-PN,94.0,6.220057952350273,1
BestFit-PN,96.0,6.193657437218271,1
BestFit-PN,98.0,6.188506117192514,1
BestFit-PN,100.0,6.179008370895026,1
BestFit-PN,102.0,6.146812620734047,1
BestFit-PN,104.0,6.1357050869285095,1
BestFit-PN,106.0,6.129748873148729,1
BestFit-PN,108.0,6.111880231809385,1
BestFit-PN,110.0,6.111880231809385,1
BestFit-PN,112.0,6.084191886670945,1
BestFit-PN,114.0,6.062137797810673,1
BestFit-PN,116.0,6.024790727623938,1
BestFit-PN,118.0,6.007566001287815,1
BestFit-PN,120.0,5.994687701223424,1
BestFit-PN,2.0,97.93206696716034,2
BestFit-PN,4.0,95.99517063747585,2
BestFit-PN,6.0,93.98889246619446,2
BestFit-PN,8.0,91.9871216999356,2
BestFit-PN,10.0,89.98712169993561,2
BestFit-PN,12.0,87.99951706374758,2
BestFit-PN,14.0,85.99565357372828,2
BestFit-PN,16.0,83.98712169993561,2
BestFit-PN,18.0,81.9962974887315,2
BestFit-PN,20.0,79.98873148744366,2
BestFit-PN,22.0,77.9935608499678,2
BestFit-PN,24.0,75.9972633612363,2
BestFit-PN,26.0,73.99710238248551,2
BestFit-PN,28.0,71.99935608499679,2
BestFit-PN,30.0,69.99372182871862,2
BestFit-PN,32.0,67.98857050869285,2
BestFit-PN,34.0,65.99420476497102,2
BestFit-PN,36.0,63.98309723116549,2
BestFit-PN,38.0,61.997585318737926,2
BestFit-PN,40.0,59.98905344494526,2
BestFit-PN,42.0,57.991951062459755,2
BestFit-PN,44.0,55.9966194462331,2
BestFit-PN,46.0,53.992433998712166,2
BestFit-PN,48.0,51.987282678686405,2
BestFit-PN,50.0,49.99645846748229,2
BestFit-PN,52.0,47.99533161622666,2
BestFit-PN,54.0,45.99066323245331,2
BestFit-PN,56.0,43.99082421120412,2
BestFit-PN,58.0,41.995492594977456,2
BestFit-PN,60.0,39.99404378622022,2
BestFit-PN,62.0,37.995009658725046,2
BestFit-PN,64.0,35.99452672247263,2
BestFit-PN,66.0,33.993721828718606,2
BestFit-PN,68.0,31.993560849967807,2
BestFit-PN,70.0,29.99935608499678,2
BestFit-PN,72.0,27.99179008370895,2
BestFit-PN,74.0,25.998551191242754,2
BestFit-PN,76.0,23.99919510624597,2
BestFit-PN,78.0,21.995331616226654,2
BestFit-PN,80.0,19.993077913715382,2
BestFit-PN,82.0,17.98406310367031,2
BestFit-PN,84.0,15.991790083708946,2
BestFit-PN,86.0,13.995492594977458,2
BestFit-PN,88.0,11.997907276239527,2
BestFit-PN,90.0,9.994848679974242,2
BestFit-PN,92.0,7.990985189954925,2
BestFit-PN,94.0,6.480843528654215,2
BestFit-PN,96.0,6.454443013522211,2
BestFit-PN,98.0,6.438345138441721,2
BestFit-PN,100.0,6.422891178364451,2
BestFit-PN,102.0,6.40904700579523,2
BestFit-PN,104.0,6.385222150676108,2
BestFit-PN,106.0,6.377495170637472,2
BestFit-PN,108.0,6.377495170637472,2
BestFit-PN,110.0,6.364616870573079,2
BestFit-PN,112.0,6.351738570508688,2
BestFit-PN,114.0,6.309240180296197,2
BestFit-PN,116.0,6.262395363811972,2
BestFit-PN,118.0,6.262395363811972,2
BestFit-PN,120.0,6.254668383773337,2
BestFit-PN,2.0,97.99694140373471,3
BestFit-PN,4.0,95.9938828074694,3
BestFit-PN,6.0,93.99919510624596,3
BestFit-PN,8.0,91.9966194462331,3
BestFit-PN,10.0,89.9966194462331,3
BestFit-PN,12.0,87.99146812620734,3
BestFit-PN,14.0,85.98921442369607,3
BestFit-PN,16.0,83.98470701867353,3
BestFit-PN,18.0,81.98486799742433,3
BestFit-PN,20.0,79.98583386992915,3
BestFit-PN,22.0,77.99066323245331,3
BestFit-PN,24.0,75.99871216999357,3
BestFit-PN,26.0,73.99146812620735,3
BestFit-PN,28.0,71.99291693496458,3
BestFit-PN,30.0,69.99517063747585,3
BestFit-PN,32.0,67.99903412749516,3
BestFit-PN,34.0,65.98551191242755,3
BestFit-PN,36.0,63.99597553122987,3
BestFit-PN,38.0,61.987765614938816,3
BestFit-PN,40.0,59.980682549903406,3
BestFit-PN,42.0,57.996297488731486,3
BestFit-PN,44.0,55.9905022537025,3
BestFit-PN,46.0,53.99066323245331,3
BestFit-PN,48.0,51.99871216999355,3
BestFit-PN,50.0,49.989536381197674,3
BestFit-PN,52.0,47.985511912427555,3
BestFit-PN,54.0,45.98535093367675,3
BestFit-PN,56.0,43.99790727623953,3
BestFit-PN,58.0,41.98631680618158,3
BestFit-PN,60.0,39.98406310367031,3
BestFit-PN,62.0,37.987765614938816,3
BestFit-PN,64.0,35.98438506117191,3
BestFit-PN,66.0,33.973921442369594,3
BestFit-PN,68.0,31.997907276239523,3
BestFit-PN,70.0,29.995331616226643,3
BestFit-PN,72.0,27.98792659368962,3
BestFit-PN,74.0,25.989697359948472,3
BestFit-PN,76.0,23.998551191242747,3
BestFit-PN,78.0,21.99806825499033,3
BestFit-PN,80.0,19.999195106245967,3
BestFit-PN,82.0,17.99243399871216,3
BestFit-PN,84.0,15.999195106245967,3
BestFit-PN,86.0,13.995170637475841,3
BestFit-PN,88.0,11.995653573728259,3
BestFit-PN,90.0,9.996780424983891,3
BestFit-PN,92.0,7.997263361236305,3
BestFit-PN,94.0,6.628139085640681,3
BestFit-PN,96.0,6.605119124275582,3
BestFit-PN,98.0,6.586445589182214,3
BestFit-PN,100.0,6.579523502897604,3
BestFit-PN,102.0,6.574372182871848,3
BestFit-PN,104.0,6.569220862846091,3
BestFit-PN,106.0,6.49018029620089,3
BestFit-PN,108.0,6.484224082421108,3
BestFit-PN,110.0,6.463779781068886,3
BestFit-PN,112.0,6.456857694784277,3
BestFit-PN,114.0,6.431262073406298,3
BestFit-PN,116.0,6.414037347070174,3
BestFit-PN,118.0,6.407115260785565,3
BestFit-PN,120.0,6.374919510624584,3
BestFit-PN,2.0,97.9966194462331,4
BestFit-PN,4.0,95.99629748873149,4
BestFit-PN,6.0,93.9998390212492,4
BestFit-PN,8.0,91.99710238248552,4
BestFit-PN,10.0,89.99726336123632,4
BestFit-PN,12.0,87.98792659368962,4
BestFit-PN,14.0,85.99323889246618,4
BestFit-PN,16.0,83.99227301996137,4
BestFit-PN,18.0,81.99533161622666,4
BestFit-PN,20.0,79.9903412749517,4
BestFit-PN,22.0,77.99565357372828,4
BestFit-PN,24.0,75.99420476497103,4
BestFit-PN,26.0,73.93947198969735,4
BestFit-PN,28.0,71.99710238248551,4
BestFit-PN,30.0,69.99452672247263,4
BestFit-PN,32.0,67.90534449452672,4
BestFit-PN,34.0,65.99710238248551,4
BestFit-PN,36.0,63.9835801674179,4
BestFit-PN,38.0,61.99517063747585,4
BestFit-PN,40.0,59.98889246619446,4
BestFit-PN,42.0,57.99710238248551,4
BestFit-PN,44.0,55.996297488731486,4
BestFit-PN,46.0,53.998873148744366,4
BestFit-PN,48.0,51.99871216999355,4
BestFit-PN,50.0,49.99323889246619,4
BestFit-PN,52.0,47.994526722472635,4
BestFit-PN,54.0,45.9935608499678,4
BestFit-PN,56.0,43.99484867997425,4
BestFit-PN,58.0,41.98953638119768,4
BestFit-PN,60.0,39.990824211204114,4
BestFit-PN,62.0,37.991146168705725,4
BestFit-PN,64.0,35.99484867997423,4
BestFit-PN,66.0,33.99146812620734,4
BestFit-PN,68.0,31.988892466194457,4
BestFit-PN,70.0,29.997424339987116,4
BestFit-PN,72.0,27.990180296200894,4
BestFit-PN,74.0,25.999356084996773,4
BestFit-PN,76.0,23.99533161622665,4
BestFit-PN,78.0,21.996941403734695,4
BestFit-PN,80.0,19.992916934964576,4
BestFit-PN,82.0,17.999999999999986,4
BestFit-PN,84.0,15.98583386992916,4
BestFit-PN,86.0,13.990663232453304,4
BestFit-PN,88.0,11.984707018673523,4
BestFit-PN,90.0,9.994687701223427,4
BestFit-PN,92.0,7.9969414037346915,4
BestFit-PN,94.0,5.997102382485496,4
BestFit-PN,96.0,5.949452672247248,4
BestFit-PN,98.0,5.91532517707661,4
BestFit-PN,100.0,5.897295556986462,4
BestFit-PN,102.0,5.869929169349631,4
BestFit-PN,104.0,5.868158403090777,4
BestFit-PN,106.0,5.863007083065021,4
BestFit-PN,108.0,5.829684481648409,4
BestFit-PN,110.0,5.820186735350919,4
BestFit-PN,112.0,5.817611075338042,4
BestFit-PN,114.0,5.781068898905331,4
BestFit-PN,116.0,5.7636831938184026,4
BestFit-PN,118.0,5.7551513200257425,4
BestFit-PN,120.0,5.739697359948474,4
BestFit-PN,2.0,97.98164842240824,5
BestFit-PN,4.0,95.98905344494527,5
BestFit-PN,6.0,93.99098518995494,5
BestFit-PN,8.0,91.99581455247908,5
BestFit-PN,10.0,89.98470701867353,5
BestFit-PN,12.0,87.99919510624598,5
BestFit-PN,14.0,85.9966194462331,5
BestFit-PN,16.0,83.99887314874437,5
BestFit-PN,18.0,81.9903412749517,5
BestFit-PN,20.0,79.99533161622665,5
BestFit-PN,22.0,77.99436574372183,5
BestFit-PN,24.0,75.99468770122344,5
BestFit-PN,26.0,73.99565357372826,5
BestFit-PN,28.0,71.9998390212492,5
BestFit-PN,30.0,69.99001931745009,5
BestFit-PN,32.0,67.99468770122343,5
BestFit-PN,34.0,65.9903412749517,5
BestFit-PN,36.0,63.99468770122344,5
BestFit-PN,38.0,61.993399871216994,5
BestFit-PN,40.0,59.99130714745653,5
BestFit-PN,42.0,57.99098518995493,5
BestFit-PN,44.0,55.99356084996781,5
BestFit-PN,46.0,53.994687701223434,5
BestFit-PN,48.0,51.92289117836445,5
BestFit-PN,50.0,49.988570508692845,5
BestFit-PN,52.0,47.99983902124919,5
BestFit-PN,54.0,45.92305215711526,5
BestFit-PN,56.0,43.99806825499033,5
BestFit-PN,58.0,41.99790727623952,5
BestFit-PN,60.0,39.9901802962009,5
BestFit-PN,62.0,37.94011590470057,5
BestFit-PN,64.0,35.98792659368963,5
BestFit-PN,66.0,33.99323889246618,5
BestFit-PN,68.0,31.99404378622021,5
BestFit-PN,70.0,29.993560849967793,5
BestFit-PN,72.0,27.99742433998711,5
BestFit-PN,74.0,25.99227301996135,5
BestFit-PN,76.0,23.989858338699275,5
BestFit-PN,78.0,21.915164198325805,5
BestFit-PN,80.0,19.99420476497101,5
BestFit-PN,82.0,17.99983902124918,5
BestFit-PN,84.0,15.991468126207323,5
BestFit-PN,86.0,13.984546039922712,5
BestFit-PN,88.0,11.99130714745652,5
BestFit-PN,90.0,9.987604636188006,5
BestFit-PN,92.0,7.98808757244042,5
BestFit-PN,94.0,6.46603348358015,5
BestFit-PN,96.0,6.438506117192512,5
BestFit-PN,98.0,6.435930457179634,5
BestFit-PN,100.0,6.423052157115243,5
BestFit-PN,102.0,6.4051835157758985,5
BestFit-PN,104.0,6.403412749517045,5
BestFit-PN,106.0,6.400837089504168,5
BestFit-PN,108.0,6.394719896973582,5
BestFit-PN,110.0,6.358660656793284,5
BestFit-PN,112.0,6.350933676754651,5
BestFit-PN,114.0,6.3193818415968925,5
BestFit-PN,116.0,6.312459755312282,5
BestFit-PN,118.0,6.305537669027672,5
BestFit-PN,120.0,6.296039922730183,5
BestFit-PN,2.0,97.98824855119123,6
BestFit-PN,4.0,95.98551191242755,6
BestFit-PN,6.0,93.99227301996137,6
BestFit-PN,8.0,91.99645846748228,6
BestFit-PN,10.0,89.94510624597552,6
BestFit-PN,12.0,87.99388280746942,6
BestFit-PN,14.0,85.99372182871862,6
BestFit-PN,16.0,83.99565357372826,6
BestFit-PN,18.0,81.98599484867998,6
BestFit-PN,20.0,79.99774629748873,6
BestFit-PN,22.0,77.98889246619446,6
BestFit-PN,24.0,75.99356084996779,6
BestFit-PN,26.0,73.99597553122987,6
BestFit-PN,28.0,71.98422408242112,6
BestFit-PN,30.0,69.98180940115905,6
BestFit-PN,32.0,67.99227301996137,6
BestFit-PN,34.0,65.99339987121701,6
BestFit-PN,36.0,63.99517063747585,6
BestFit-PN,38.0,61.99500965872505,6
BestFit-PN,40.0,59.98390212491951,6
BestFit-PN,42.0,57.99452672247263,6
BestFit-PN,44.0,55.99645846748229,6
BestFit-PN,46.0,53.98792659368963,6
BestFit-PN,48.0,51.998390212491955,6
BestFit-PN,50.0,49.99951706374758,6
BestFit-PN,52.0,47.98921442369607,6
BestFit-PN,54.0,45.99726336123631,6
BestFit-PN,56.0,43.99388280746941,6
BestFit-PN,58.0,41.99919510624597,6
BestFit-PN,60.0,39.99339987121699,6
BestFit-PN,62.0,37.995492594977456,6
BestFit-PN,64.0,35.984707018673525,6
BestFit-PN,66.0,33.9871216999356,6
BestFit-PN,68.0,31.9871216999356,6
BestFit-PN,70.0,29.984063103670305,6
BestFit-PN,72.0,27.993077913715382,6
BestFit-PN,74.0,25.99420476497102,6
BestFit-PN,76.0,23.993721828718602,6
BestFit-PN,78.0,21.998712169993556,6
BestFit-PN,80.0,19.98116548615582,6
BestFit-PN,82.0,17.996458467482285,6
BestFit-PN,84.0,15.996780424983895,6
BestFit-PN,86.0,13.996136509980673,6
BestFit-PN,88.0,11.998229233741139,6
BestFit-PN,90.0,9.990019317450088,6
BestFit-PN,92.0,7.989375402446869,6
BestFit-PN,94.0,6.042981326464898,6
BestFit-PN,96.0,6.019639407598189,6
BestFit-PN,98.0,5.9888924661944545,6
BestFit-PN,100.0,5.9734385061171835,6
BestFit-PN,102.0,5.946233097231158,6
BestFit-PN,104.0,5.9344816484224,6
BestFit-PN,106.0,5.931905988409523,6
BestFit-PN,108.0,5.924179008370888,6
BestFit-PN,110.0,5.913876368319373,6
BestFit-PN,112.0,5.892627173213129,6
BestFit-PN,114.0,5.880553766902762,6
BestFit-PN,116.0,5.872826786864127,6
BestFit-PN,118.0,5.861719253058591,6
BestFit-PN,120.0,5.84127495170637,6
BestFit-PN,2.0,97.99533161622666,7
BestFit-PN,4.0,95.99372182871862,7
BestFit-PN,6.0,93.99951706374759,7
BestFit-PN,8.0,91.99195106245975,7
BestFit-PN,10.0,89.99275595621378,7
BestFit-PN,12.0,87.99806825499034,7
BestFit-PN,14.0,85.98760463618802,7
BestFit-PN,16.0,83.9938828074694,7
BestFit-PN,18.0,81.98518995492596,7
BestFit-PN,20.0,79.99549259497746,7
BestFit-PN,22.0,77.99613650998069,7
BestFit-PN,24.0,75.98969735994848,7
BestFit-PN,26.0,73.98857050869285,7
BestFit-PN,28.0,71.98567289117837,7
BestFit-PN,30.0,69.99549259497746,7
BestFit-PN,32.0,67.9966194462331,7
BestFit-PN,34.0,65.99613650998069,7
BestFit-PN,36.0,63.977945911139734,7
BestFit-PN,38.0,61.98921442369607,7
BestFit-PN,40.0,59.998551191242754,7
BestFit-PN,42.0,57.99356084996781,7
BestFit-PN,44.0,55.98615582743077,7
BestFit-PN,46.0,53.96522858982614,7
BestFit-PN,48.0,51.94993560849967,7
BestFit-PN,50.0,49.9869607211848,7
BestFit-PN,52.0,47.984546039922726,7
BestFit-PN,54.0,45.97311654861557,7
BestFit-PN,56.0,43.997746297488725,7
BestFit-PN,58.0,41.99018029620089,7
BestFit-PN,60.0,39.99887314874436,7
BestFit-PN,62.0,37.99935608499677,7
BestFit-PN,64.0,35.99822923374114,7
BestFit-PN,66.0,33.99420476497102,7
BestFit-PN,68.0,31.989697359948483,7
BestFit-PN,70.0,29.98663876368319,7
BestFit-PN,72.0,27.99195106245975,7
BestFit-PN,74.0,25.996136509980676,7
BestFit-PN,76.0,23.999839021249194,7
BestFit-PN,78.0,21.99259497746297,7
BestFit-PN,80.0,19.98567289117836,7
BestFit-PN,82.0,17.98406310367031,7
BestFit-PN,84.0,15.984707018673527,7
BestFit-PN,86.0,13.997585318737924,7
BestFit-PN,88.0,11.987604636188017,7
BestFit-PN,90.0,9.984707018673527,7
BestFit-PN,92.0,7.929169349645838,7
BestFit-PN,94.0,6.706857694784279,7
BestFit-PN,96.0,6.672408242112033,7
BestFit-PN,98.0,6.638441725692202,7
BestFit-PN,100.0,6.620412105602054,7
BestFit-PN,102.0,6.609304571796515,7
BestFit-PN,104.0,6.591274951706367,7
BestFit-PN,106.0,6.58177720540888,7
BestFit-PN,108.0,6.565518351577586,7
BestFit-PN,110.0,6.562942691564707,7
BestFit-PN,112.0,6.558596265292977,7
BestFit-PN,114.0,6.55344494526722,7
BestFit-PN,116.0,6.538795878943973,7
BestFit-PN,118.0,6.525112685125557,7
BestFit-PN,120.0,6.518190598840948,7
BestFit-PN,2.0,97.98760463618802,8
BestFit-PN,4.0,95.98792659368965,8
BestFit-PN,6.0,93.98969735994848,8
BestFit-PN,8.0,91.99500965872505,8
BestFit-PN,10.0,89.99130714745654,8
BestFit-PN,12.0,87.98502897617514,8
BestFit-PN,14.0,85.99339987121701,8
BestFit-PN,16.0,83.99597553122987,8
BestFit-PN,18.0,81.99855119124275,8
BestFit-PN,20.0,79.9967804249839,8
BestFit-PN,22.0,77.99629748873149,8
BestFit-PN,24.0,75.9905022537025,8
BestFit-PN,26.0,73.99758531873792,8
BestFit-PN,28.0,71.91870573084354,8
BestFit-PN,30.0,69.99130714745652,8
BestFit-PN,32.0,67.99066323245331,8
BestFit-PN,34.0,65.99839021249194,8
BestFit-PN,36.0,63.9935608499678,8
BestFit-PN,38.0,61.98551191242756,8
BestFit-PN,40.0,59.9840631036703,8
BestFit-PN,42.0,57.988248551191234,8
BestFit-PN,44.0,55.99951706374758,8
BestFit-PN,46.0,53.92627173213135,8
BestFit-PN,48.0,51.98873148744365,8
BestFit-PN,50.0,49.879748873148735,8
BestFit-PN,52.0,47.9937218287186,8
BestFit-PN,54.0,45.98744365743722,8
BestFit-PN,56.0,43.985833869929166,8
BestFit-PN,58.0,41.99758531873792,8
BestFit-PN,60.0,39.99742433998711,8
BestFit-PN,62.0,37.99935608499677,8
BestFit-PN,64.0,35.99822923374114,8
BestFit-PN,66.0,33.98438506117192,8
BestFit-PN,68.0,31.990502253702502,8
BestFit-PN,70.0,29.998873148744355,8
BestFit-PN,72.0,27.993077913715382,8
BestFit-PN,74.0,25.993238892466188,8
BestFit-PN,76.0,23.997907276239523,8
BestFit-PN,78.0,21.99951706374757,8
BestFit-PN,80.0,19.999839021249183,8
BestFit-PN,82.0,17.973116548615568,8
BestFit-PN,84.0,15.988731487443644,8
BestFit-PN,86.0,13.990663232453299,8
BestFit-PN,88.0,11.988409529942032,8
BestFit-PN,90.0,9.997585318737908,8
BestFit-PN,92.0,7.985833869929146,8
BestFit-PN,94.0,6.123309723116526,8
BestFit-PN,96.0,6.104636188023158,8
BestFit-PN,98.0,6.102865421764305,8
BestFit-PN,100.0,6.0782356728911555,8
BestFit-PN,102.0,6.060367031551812,8
BestFit-PN,104.0,6.03493238892464,8
BestFit-PN,106.0,6.0280103026400305,8
BestFit-PN,108.0,6.023663876368297,8
BestFit-PN,110.0,6.017707662588516,8
BestFit-PN,112.0,6.010785576303908,8
BestFit-PN,114.0,6.00563425627815,8
BestFit-PN,116.0,6.000482936252395,8
BestFit-PN,118.0,5.984385061171905,8
BestFit-PN,120.0,5.979233741146149,8
BestFit-PN,2.0,97.98486799742435,9
BestFit-PN,4.0,95.99629748873149,9
BestFit-PN,6.0,93.98470701867353,9
BestFit-PN,8.0,91.98969735994848,9
BestFit-PN,10.0,89.99227301996136,9
BestFit-PN,12.0,87.99806825499034,9
BestFit-PN,14.0,85.98647778493238,9
BestFit-PN,16.0,83.99919510624598,9
BestFit-PN,18.0,81.98857050869286,9
BestFit-PN,20.0,79.98824855119125,9
BestFit-PN,22.0,77.98905344494527,9
BestFit-PN,24.0,75.99871216999357,9
BestFit-PN,26.0,73.99420476497103,9
BestFit-PN,28.0,71.99130714745654,9
BestFit-PN,30.0,69.98502897617513,9
BestFit-PN,32.0,67.99774629748873,9
BestFit-PN,34.0,65.99211204121056,9
BestFit-PN,36.0,63.987121699935614,9
BestFit-PN,38.0,61.901481004507396,9
BestFit-PN,40.0,59.996297488731486,9
BestFit-PN,42.0,57.99919510624597,9
BestFit-PN,44.0,55.997746297488725,9
BestFit-PN,46.0,53.99323889246619,9
BestFit-PN,48.0,51.9771410173857,9
BestFit-PN,50.0,49.98390212491951,9
BestFit-PN,52.0,47.977623953638115,9
BestFit-PN,54.0,45.98985833869928,9
BestFit-PN,56.0,43.99388280746941,9
BestFit-PN,58.0,41.99179008370895,9
BestFit-PN,60.0,39.990824211204114,9
BestFit-PN,62.0,37.9971023824855,9
BestFit-PN,64.0,35.98808757244043,9
BestFit-PN,66.0,33.98840952994205,9
BestFit-PN,68.0,31.995653573728262,9
BestFit-PN,70.0,29.984385061171913,9
BestFit-PN,72.0,27.9969414037347,9
BestFit-PN,74.0,25.994204764971013,9
BestFit-PN,76.0,23.99726336123631,9
BestFit-PN,78.0,21.993077913715382,9
BestFit-PN,80.0,19.995975531229867,9
BestFit-PN,82.0,17.98905344494526,9
BestFit-PN,84.0,15.997907276239529,9
BestFit-PN,86.0,13.995653573728259,9
BestFit-PN,88.0,11.996619446233089,9
BestFit-PN,90.0,9.992273019961356,9
BestFit-PN,92.0,7.994848679974235,9
BestFit-PN,94.0,6.307952350289751,9
BestFit-PN,96.0,6.2813908564069445,9
BestFit-PN,98.0,6.274951706374749,9
BestFit-PN,100.0,6.240019317450087,9
BestFit-PN,102.0,6.22134578235672,9
BestFit-PN,104.0,6.212813908564062,9
BestFit-PN,106.0,6.208467482292329,9
BestFit-PN,108.0,6.166773985833862,9
BestFit-PN,110.0,6.1587250482936176,9
BestFit-PN,112.0,6.137475853187371,9
BestFit-PN,114.0,6.135705086928517,9
BestFit-PN,116.0,6.106728911783636,9
BestFit-PN,118.0,6.090631036703146,9
BestFit-PN,120.0,6.074533161622657,9
DotProd,2.0,97.9982292337411,0
DotProd,4.0,95.98599484867987,0
DotProd,6.0,93.98502897617504,0
DotProd,8.0,91.9853509336767,0
DotProd,10.0,89.99581455247906,0
DotProd,12.0,87.99549259497748,0
DotProd,14.0,85.99420476497099,0
DotProd,16.0,83.97198969735986,0
DotProd,18.0,81.98840952994199,0
DotProd,20.0,79.99162910495812,0
DotProd,22.0,77.99259497746297,0
DotProd,24.0,75.99388280746943,0
DotProd,26.0,73.99275595621378,0
DotProd,28.0,71.98776561493891,0
DotProd,30.0,69.99726336123639,0
DotProd,32.0,67.97987765614954,0
DotProd,34.0,65.99710238248572,0
DotProd,36.0,63.94687701223456,0
DotProd,38.0,61.96571152607873,0
DotProd,40.0,59.98696072118497,0
DotProd,42.0,57.99581455247922,0
DotProd,44.0,55.9919510624599,0
DotProd,46.0,53.996297488731614,0
DotProd,48.0,51.99066323245343,0
DotProd,50.0,49.991629104958264,0
DotProd,52.0,47.93882807469424,0
DotProd,54.0,45.9898583386994,0
DotProd,56.0,43.98406310367042,0
DotProd,58.0,41.988731487443765,0
DotProd,60.0,39.98921442369617,0
DotProd,62.0,37.99436574372192,0
DotProd,64.0,35.98873148744372,0
DotProd,66.0,33.99565357372832,0
DotProd,68.0,31.995331616226707,0
DotProd,70.0,29.999517063747632,0
DotProd,72.0,27.995653573728312,0
DotProd,74.0,25.962330972311705,0
DotProd,76.0,23.987282678686466,0
DotProd,78.0,21.990663232453368,0
DotProd,80.0,19.985511912427615,0
DotProd,82.0,17.991307147456595,0
DotProd,84.0,15.92949130714752,0
DotProd,86.0,13.997102382485558,0
DotProd,88.0,11.985672891178385,0
DotProd,90.0,10.355280103026404,0
DotProd,92.0,10.333708950418549,0
DotProd,94.0,10.308113329040573,0
DotProd,96.0,10.302479072762402,0
DotProd,98.0,10.294752092723767,0
DotProd,100.0,10.276078557630399,0
DotProd,102.0,10.272698003863495,0
DotProd,104.0,10.265775917578884,0
DotProd,106.0,10.247102382485517,0
DotProd,108.0,10.241146168705738,0
DotProd,110.0,10.229555698647783,0
DotProd,112.0,10.209916291049586,0
DotProd,114.0,10.207340631036708,0
DotProd,116.0,10.18351577591758,0
DotProd,118.0,10.178364455891824,0
DotProd,120.0,10.159368963296847,0
DotProd,2.0,97.98921442369604,1
DotProd,4.0,95.99291693496447,1
DotProd,6.0,93.9867997424339,1
DotProd,8.0,91.97488731487435,1
DotProd,10.0,89.99034127495166,1
DotProd,12.0,87.99758531873792,1
DotProd,14.0,85.99597553122989,1
DotProd,16.0,83.98824855119112,1
DotProd,18.0,81.98985833869915,1
DotProd,20.0,79.99661944623298,1
DotProd,22.0,77.98728267868633,1
DotProd,24.0,75.99597553122982,1
DotProd,26.0,73.99597553122985,1
DotProd,28.0,71.98824855119126,1
DotProd,30.0,69.99227301996146,1
DotProd,32.0,67.99001931745026,1
DotProd,34.0,65.99855119124292,1
DotProd,36.0,63.998068254990514,1
DotProd,38.0,61.98438506117208,1
DotProd,40.0,59.985672891178496,1
DotProd,42.0,57.990019317450226,1
DotProd,44.0,55.98953638119782,1
DotProd,46.0,53.99758531873806,1
DotProd,48.0,51.9958145524792,1
DotProd,50.0,49.89649066323257,1
DotProd,52.0,47.998712169993674,1
DotProd,54.0,45.9898583386994,1
DotProd,56.0,43.99001931745019,1
DotProd,58.0,41.997263361236406,1
DotProd,60.0,39.99179008370904,1
DotProd,62.0,37.995492594977556,1
DotProd,64.0,35.99935608499685,1
DotProd,66.0,33.99903412749522,1
DotProd,68.0,31.991146168705768,1
DotProd,70.0,29.99758531873797,1
DotProd,72.0,27.98792659368968,1
DotProd,74.0,25.998873148744405,1
DotProd,76.0,23.99436574372187,1
DotProd,78.0,21.99372182871865,1
DotProd,80.0,19.986316806181627,1
DotProd,82.0,17.993399871217047,1
DotProd,84.0,15.987765614938876,1
DotProd,86.0,13.993399871217047,1
DotProd,88.0,11.999034127495191,1
DotProd,90.0,10.213940759819717,1
DotProd,92.0,10.175305859626544,1
DotProd,94.0,10.166613007083079,1
DotProd,96.0,10.140212491951077,1
DotProd,98.0,10.13506117192532,1
DotProd,100.0,10.125563425627835,1
DotProd,102.0,10.093367675466855,1
DotProd,104.0,10.082260141661315,1
DotProd,106.0,10.076303927881538,1
DotProd,108.0,10.058435286542194,1
DotProd,110.0,10.058435286542194,1
DotProd,112.0,10.03074694140375,1
DotProd,114.0,10.008692852543485,1
DotProd,116.0,9.971345782356748,1
DotProd,118.0,9.954121056020625,1
DotProd,120.0,9.92514488087575,1
DotProd,2.0,97.93206696716035,2
DotProd,4.0,95.99517063747581,2
DotProd,6.0,93.9888924661944,2
DotProd,8.0,91.98712169993559,2
DotProd,10.0,89.98712169993559,2
DotProd,12.0,87.99951706374752,2
DotProd,14.0,85.99565357372823,2
DotProd,16.0,83.98712169993553,2
DotProd,18.0,81.99629748873139,2
DotProd,20.0,79.98873148744356,2
DotProd,22.0,77.99356084996774,2
DotProd,24.0,75.99726336123622,2
DotProd,26.0,73.99710238248547,2
DotProd,28.0,71.99935608499679,2
DotProd,30.0,69.99372182871866,2
DotProd,32.0,67.98857050869293,2
DotProd,34.0,65.99420476497113,2
DotProd,36.0,63.98309723116559,2
DotProd,38.0,61.997585318738025,2
DotProd,40.0,59.98905344494536,2
DotProd,42.0,57.99195106245983,2
DotProd,44.0,55.99661944623319,2
DotProd,46.0,53.992433998712244,2
DotProd,48.0,51.9872826786865,2
DotProd,50.0,49.99645846748238,2
DotProd,52.0,47.99533161622673,2
DotProd,54.0,45.990663232453386,2
DotProd,56.0,43.990824211204185,2
DotProd,58.0,41.995492594977534,2
DotProd,60.0,39.99404378622027,2
DotProd,62.0,37.995009658725095,2
DotProd,64.0,35.99452672247268,2
DotProd,66.0,33.993721828718655,2
DotProd,68.0,31.99356084996785,2
DotProd,70.0,29.99935608499683,2
DotProd,72.0,27.991790083709006,2
DotProd,74.0,25.998551191242807,2
DotProd,76.0,23.99919510624603,2
DotProd,78.0,21.995331616226714,2
DotProd,80.0,19.99307791371545,2
DotProd,82.0,17.984063103670373,2
DotProd,84.0,15.99179008370901,2
DotProd,86.0,13.995492594977513,2
DotProd,88.0,11.997907276239568,2
DotProd,90.0,10.777527366387666,2
DotProd,92.0,10.7654539600773,2
DotProd,94.0,10.74742433998715,2
DotProd,96.0,10.726175144880905,2
DotProd,98.0,10.710077269800413,2
DotProd,100.0,10.694623309723141,2
DotProd,102.0,10.68077913715392,2
DotProd,104.0,10.656954282034798,2
DotProd,106.0,10.649227301996161,2
DotProd,108.0,10.649227301996161,2
DotProd,110.0,10.636349001931768,2
DotProd,112.0,10.623470701867376,2
DotProd,114.0,10.580972311654884,2
DotProd,116.0,10.534127495170662,2
DotProd,118.0,10.534127495170662,2
DotProd,120.0,10.526400515132025,2
DotProd,2.0,97.99694140373472,3
DotProd,4.0,95.99388280746939,3
DotProd,6.0,93.99919510624596,3
DotProd,8.0,91.99661944623307,3
DotProd,10.0,89.99661944623311,3
DotProd,12.0,87.99146812620738,3
DotProd,14.0,85.98921442369611,3
DotProd,16.0,83.98470701867348,3
DotProd,18.0,81.9848679974243,3
DotProd,20.0,79.98583386992914,3
DotProd,22.0,77.99066323245324,3
DotProd,24.0,75.99871216999348,3
DotProd,26.0,73.99146812620731,3
DotProd,28.0,71.99291693496455,3
DotProd,30.0,69.99517063747585,3
DotProd,32.0,67.99903412749525,3
DotProd,34.0,65.98551191242768,3
DotProd,36.0,63.99597553122997,3
DotProd,38.0,61.987765614938915,3
DotProd,40.0,59.9806825499035,3
DotProd,42.0,57.99629748873157,3
DotProd,44.0,55.9905022537026,3
DotProd,46.0,53.99066323245339,3
DotProd,48.0,51.998712169993645,3
DotProd,50.0,49.989536381197766,3
DotProd,52.0,47.98551191242764,3
DotProd,54.0,45.98535093367684,3
DotProd,56.0,43.99790727623964,3
DotProd,58.0,41.98631680618168,3
DotProd,60.0,39.98406310367041,3
DotProd,62.0,37.987765614938915,3
DotProd,64.0,35.98438506117201,3
DotProd,66.0,33.97392144236968,3
DotProd,68.0,31.997907276239605,3
DotProd,70.0,29.99533161622673,3
DotProd,72.0,27.9879265936897,3
DotProd,74.0,25.989697359948554,3
DotProd,76.0,23.998551191242825,3
DotProd,78.0,21.998068254990415,3
DotProd,80.0,19.999195106246052,3
DotProd,82.0,17.992433998712244,3
DotProd,84.0,15.999195106246052,3
DotProd,86.0,13.995170637475917,3
DotProd,88.0,11.995653573728294,3
DotProd,90.0,10.43158403090794,3
DotProd,92.0,10.417739858338718,3
DotProd,94.0,10.387958789439814,3
DotProd,96.0,10.364938828074713,3
DotProd,98.0,10.346265292981348,3
DotProd,100.0,10.339343206696737,3
DotProd,102.0,10.334191886670983,3
DotProd,104.0,10.329040566645224,3
DotProd,106.0,10.250000000000025,3
DotProd,108.0,10.244043786220242,3
DotProd,110.0,10.223599484868021,3
DotProd,112.0,10.216677398583412,3
DotProd,114.0,10.191081777205431,3
DotProd,116.0,10.173857050869309,3
DotProd,118.0,10.150837089504208,3
DotProd,120.0,10.11864133934323,3
DotProd,2.0,97.9966194462331,4
DotProd,4.0,95.9962974887314,4
DotProd,6.0,93.99983902124912,4
DotProd,8.0,91.99710238248542,4
DotProd,10.0,89.99726336123625,4
DotProd,12.0,87.98792659368964,4
DotProd,14.0,85.99323889246621,4
DotProd,16.0,83.99227301996127,4
DotProd,18.0,81.99533161622648,4
DotProd,20.0,79.99034127495155,4
DotProd,22.0,77.99565357372812,4
DotProd,24.0,75.99420476497093,4
DotProd,26.0,73.93947198969727,4
DotProd,28.0,71.99710238248545,4
DotProd,30.0,69.99452672247264,4
DotProd,32.0,67.90534449452686,4
DotProd,34.0,65.99710238248568,4
DotProd,36.0,63.98358016741806,4
DotProd,38.0,61.995170637476015,4
DotProd,40.0,59.98889246619461,4
DotProd,42.0,57.997102382485664,4
DotProd,44.0,55.99629748873164,4
DotProd,46.0,53.998873148744494,4
DotProd,48.0,51.9987121699937,4
DotProd,50.0,49.99323889246632,4
DotProd,52.0,47.99452672247275,4
DotProd,54.0,45.99356084996791,4
DotProd,56.0,43.994848679974346,4
DotProd,58.0,41.98953638119777,4
DotProd,60.0,39.99082421120422,4
DotProd,62.0,37.99114616870581,4
DotProd,64.0,35.994848679974325,4
DotProd,66.0,33.99146812620738,4
DotProd,68.0,31.988892466194496,4
DotProd,70.0,29.997424339987166,4
DotProd,72.0,27.99018029620094,4
DotProd,74.0,25.999356084996823,4
DotProd,76.0,23.995331616226704,4
DotProd,78.0,21.99694140373475,4
DotProd,80.0,19.992916934964626,4
DotProd,82.0,18.000000000000053,4
DotProd,84.0,15.985833869929223,4
DotProd,86.0,13.990663232453365,4
DotProd,88.0,11.984707018673568,4
DotProd,90.0,10.137797810689015,4
DotProd,92.0,10.122987765614964,4
DotProd,94.0,10.094011590470082,4
DotProd,96.0,10.083708950418567,4
DotProd,98.0,10.049581455247928,4
DotProd,100.0,10.031551835157783,4
DotProd,102.0,10.004185447520948,4
DotProd,104.0,9.986316806181604,4
DotProd,106.0,9.981165486155849,4
DotProd,108.0,9.947842884739234,4
DotProd,110.0,9.938345138441745,4
DotProd,112.0,9.935769478428869,4
DotProd,114.0,9.899227301996158,4
DotProd,116.0,9.865743721828737,4
DotProd,118.0,9.857211848036078,4
DotProd,120.0,9.841757887958808,4
DotProd,2.0,97.98164842240823,5
DotProd,4.0,95.98905344494523,5
DotProd,6.0,93.99098518995487,5
DotProd,8.0,91.99581455247905,5
DotProd,10.0,89.98470701867356,5
DotProd,12.0,87.99919510624602,5
DotProd,14.0,85.99661944623317,5
DotProd,16.0,83.99887314874441,5
DotProd,18.0,81.99034127495169,5
DotProd,20.0,79.99533161622664,5
DotProd,22.0,77.9943657437218,5
DotProd,24.0,75.99468770122341,5
DotProd,26.0,73.99565357372828,5
DotProd,28.0,71.99983902124923,5
DotProd,30.0,69.99001931745015,5
DotProd,32.0,67.99468770122354,5
DotProd,34.0,65.99034127495187,5
DotProd,36.0,63.9946877012236,5
DotProd,38.0,61.99339987121715,5
DotProd,40.0,59.99130714745667,5
DotProd,42.0,57.99098518995505,5
DotProd,44.0,55.99356084996793,5
DotProd,46.0,53.994687701223555,5
DotProd,48.0,51.92289117836456,5
DotProd,50.0,49.98857050869295,5
DotProd,52.0,47.999839021249294,5
DotProd,54.0,45.92305215711535,5
DotProd,56.0,43.99806825499042,5
DotProd,58.0,41.997907276239616,5
DotProd,60.0,39.99018029620098,5
DotProd,62.0,37.94011590470065,5
DotProd,64.0,35.98792659368968,5
DotProd,66.0,33.99323889246622,5
DotProd,68.0,31.99404378622025,5
DotProd,70.0,29.99356084996783,5
DotProd,72.0,27.997424339987155,5
DotProd,74.0,25.9922730199614,5
DotProd,76.0,23.98985833869932,5
DotProd,78.0,21.915164198325858,5
DotProd,80.0,19.994204764971062,5
DotProd,82.0,17.999839021249244,5
DotProd,84.0,15.991468126207387,5
DotProd,86.0,13.984546039922762,5
DotProd,88.0,11.991307147456553,5
DotProd,90.0,10.542176432710896,5
DotProd,92.0,10.521732131358675,5
DotProd,94.0,10.514810045074062,5
DotProd,96.0,10.490985189954937,5
DotProd,98.0,10.488409529942059,5
DotProd,100.0,10.475531229877669,5
DotProd,102.0,10.457662588538327,5
DotProd,104.0,10.45589182227947,5
DotProd,106.0,10.453316162266594,5
DotProd,108.0,10.44719896973601,5
DotProd,110.0,10.411139729555712,5
DotProd,112.0,10.403412749517079,5
DotProd,114.0,10.37186091435932,5
DotProd,116.0,10.364938828074708,5
DotProd,118.0,10.358016741790099,5
DotProd,120.0,10.34851899549261,5
DotProd,2.0,97.98824855119122,6
DotProd,4.0,95.98551191242748,6
DotProd,6.0,93.99227301996133,6
DotProd,8.0,91.99645846748223,6
DotProd,10.0,89.94510624597551,6
DotProd,12.0,87.99388280746942,6
DotProd,14.0,85.99372182871862,6
DotProd,16.0,83.99565357372823,6
DotProd,18.0,81.98599484867984,6
DotProd,20.0,79.99774629748862,6
DotProd,22.0,77.98889246619434,6
DotProd,24.0,75.9935608499677,6
DotProd,26.0,73.99597553122976,6
DotProd,28.0,71.98422408242104,6
DotProd,30.0,69.98180940115898,6
DotProd,32.0,67.99227301996136,6
DotProd,34.0,65.99339987121711,6
DotProd,36.0,63.99517063747594,6
DotProd,38.0,61.99500965872513,6
DotProd,40.0,59.983902124919595,6
DotProd,42.0,57.99452672247271,6
DotProd,44.0,55.99645846748237,6
DotProd,46.0,53.98792659368969,6
DotProd,48.0,51.99839021249202,6
DotProd,50.0,49.99951706374765,6
DotProd,52.0,47.98921442369615,6
DotProd,54.0,45.99726336123639,6
DotProd,56.0,43.99388280746948,6
DotProd,58.0,41.99919510624605,6
DotProd,60.0,39.993399871217065,6
DotProd,62.0,37.99549259497753,6
DotProd,64.0,35.9847070186736,6
DotProd,66.0,33.98712169993566,6
DotProd,68.0,31.987121699935656,6
DotProd,70.0,29.984063103670366,6
DotProd,72.0,27.993077913715442,6
DotProd,74.0,25.994204764971073,6
DotProd,76.0,23.993721828718662,6
DotProd,78.0,21.99871216999361,6
DotProd,80.0,19.981165486155874,6
DotProd,82.0,17.996458467482345,6
DotProd,84.0,15.996780424983953,6
DotProd,86.0,13.996136509980728,6
DotProd,88.0,11.998229233741169,6
DotProd,90.0,10.090148100450756,6
DotProd,92.0,10.060849967804266,6
DotProd,94.0,10.060849967804266,6
DotProd,96.0,10.059079201545412,6
DotProd,98.0,10.031873792659384,6
DotProd,100.0,10.016419832582114,6
DotProd,102.0,9.989214423696088,6
DotProd,104.0,9.977462974887331,6
DotProd,106.0,9.974887314874453,6
DotProd,108.0,9.967160334835818,6
DotProd,110.0,9.956857694784306,6
DotProd,112.0,9.93560849967806,6
DotProd,114.0,9.923535093367692,6
DotProd,116.0,9.915808113329055,6
DotProd,118.0,9.904700579523517,6
DotProd,120.0,9.884256278171295,6
DotProd,2.0,97.99533161622665,7
DotProd,4.0,95.99372182871848,7
DotProd,6.0,93.99951706374749,7
DotProd,8.0,91.99195106245966,7
DotProd,10.0,89.99275595621374,7
DotProd,12.0,87.99806825499033,7
DotProd,14.0,85.98760463618805,7
DotProd,16.0,83.9938828074694,7
DotProd,18.0,81.98518995492587,7
DotProd,20.0,79.99549259497738,7
DotProd,22.0,77.9961365099806,7
DotProd,24.0,75.98969735994844,7
DotProd,26.0,73.9885705086928,7
DotProd,28.0,71.98567289117833,7
DotProd,30.0,69.99549259497748,7
DotProd,32.0,67.99661944623323,7
DotProd,34.0,65.99613650998083,7
DotProd,36.0,63.97794591113988,7
DotProd,38.0,61.98921442369622,7
DotProd,40.0,59.99855119124289,7
DotProd,42.0,57.99356084996794,7
DotProd,44.0,55.98615582743089,7
DotProd,46.0,53.96522858982627,7
DotProd,48.0,51.949935608499786,7
DotProd,50.0,49.986960721184914,7
DotProd,52.0,47.984546039922826,7
DotProd,54.0,45.97311654861569,7
DotProd,56.0,43.99774629748883,7
DotProd,58.0,41.99018029620098,7
DotProd,60.0,39.998873148744444,7
DotProd,62.0,37.99935608499684,7
DotProd,64.0,35.998229233741206,7
DotProd,66.0,33.994204764971066,7
DotProd,68.0,31.98969735994851,7
DotProd,70.0,29.98663876368322,7
DotProd,72.0,27.99195106245978,7
DotProd,74.0,25.996136509980715,7
DotProd,76.0,23.99983902124923,7
DotProd,78.0,21.99259497746301,7
DotProd,80.0,19.985672891178403,7
DotProd,82.0,17.98406310367035,7
DotProd,84.0,15.984707018673575,7
DotProd,86.0,13.997585318737963,7
DotProd,88.0,11.987604636188042,7
DotProd,90.0,10.499195106245994,7
DotProd,92.0,10.467321313586627,7
DotProd,94.0,10.460399227302016,7
DotProd,96.0,10.43319381841599,7
DotProd,98.0,10.399227301996158,7
DotProd,100.0,10.38119768190601,7
DotProd,102.0,10.370090148100473,7
DotProd,104.0,10.352060528010323,7
DotProd,106.0,10.342562781712834,7
DotProd,108.0,10.326303927881538,7
DotProd,110.0,10.32372826786866,7
DotProd,112.0,10.319381841596927,7
DotProd,114.0,10.31423052157117,7
DotProd,116.0,10.299581455247921,7
DotProd,118.0,10.285898261429507,7
DotProd,120.0,10.278976175144896,7
DotProd,2.0,97.98760463618802,8
DotProd,4.0,95.98792659368958,8
DotProd,6.0,93.98969735994844,8
DotProd,8.0,91.995009658725,8
DotProd,10.0,89.99130714745652,8
DotProd,12.0,87.98502897617514,8
DotProd,14.0,85.99339987121706,8
DotProd,16.0,83.99597553122987,8
DotProd,18.0,81.9985511912427,8
DotProd,20.0,79.99678042498387,8
DotProd,22.0,77.99629748873144,8
DotProd,24.0,75.9905022537025,8
DotProd,26.0,73.99758531873793,8
DotProd,28.0,71.91870573084354,8
DotProd,30.0,69.99130714745655,8
DotProd,32.0,67.99066323245336,8
DotProd,34.0,65.9983902124921,8
DotProd,36.0,63.99356084996791,8
DotProd,38.0,61.98551191242767,8
DotProd,40.0,59.984063103670415,8
DotProd,42.0,57.988248551191354,8
DotProd,44.0,55.999517063747696,8
DotProd,46.0,53.92627173213147,8
DotProd,48.0,51.988731487443744,8
DotProd,50.0,49.87974887314883,8
DotProd,52.0,47.99372182871869,8
DotProd,54.0,45.9874436574373,8
DotProd,56.0,43.985833869929245,8
DotProd,58.0,41.99758531873799,8
DotProd,60.0,39.997424339987184,8
DotProd,62.0,37.99935608499684,8
DotProd,64.0,35.99822923374121,8
DotProd,66.0,33.984385061171984,8
DotProd,68.0,31.99050225370255,8
DotProd,70.0,29.99887314874441,8
DotProd,72.0,27.993077913715435,8
DotProd,74.0,25.99323889246624,8
DotProd,76.0,23.997907276239587,8
DotProd,78.0,21.999517063747632,8
DotProd,80.0,19.999839021249237,8
DotProd,82.0,17.973116548615632,8
DotProd,84.0,15.988731487443705,8
DotProd,86.0,13.990663232453372,8
DotProd,88.0,11.988409529942071,8
DotProd,90.0,10.056503541532527,8
DotProd,92.0,10.045556986477793,8
DotProd,94.0,10.018995492594984,8
DotProd,96.0,10.018995492594984,8
DotProd,98.0,10.017224726336131,8
DotProd,100.0,9.992594977462982,8
DotProd,102.0,9.974726336123638,8
DotProd,104.0,9.949291693496464,8
DotProd,106.0,9.926271732131365,8
DotProd,108.0,9.921925305859633,8
DotProd,110.0,9.915969092079854,8
DotProd,112.0,9.892949130714753,8
DotProd,114.0,9.887797810688994,8
DotProd,116.0,9.882646490663237,8
DotProd,118.0,9.866548615582749,8
DotProd,120.0,9.861397295556992,8
DotProd,2.0,97.98486799742436,9
DotProd,4.0,95.99629748873143,9
DotProd,6.0,93.98470701867346,9
DotProd,8.0,91.98969735994842,9
DotProd,10.0,89.9922730199613,9
DotProd,12.0,87.99806825499033,9
DotProd,14.0,85.98647778493242,9
DotProd,16.0,83.99919510624592,9
DotProd,18.0,81.98857050869273,9
DotProd,20.0,79.98824855119115,9
DotProd,22.0,77.9890534449452,9
DotProd,24.0,75.9987121699935,9
DotProd,26.0,73.994204764971,9
DotProd,28.0,71.9913071474565,9
DotProd,30.0,69.98502897617517,9
DotProd,32.0,67.99774629748883,9
DotProd,34.0,65.99211204121072,9
DotProd,36.0,63.987121699935734,9
DotProd,38.0,61.90148100450753,9
DotProd,40.0,59.9962974887316,9
DotProd,42.0,57.99919510624609,9
DotProd,44.0,55.99774629748884,9
DotProd,46.0,53.9932388924663,9
DotProd,48.0,51.97714101738582,9
DotProd,50.0,49.983902124919624,9
DotProd,52.0,47.97762395363822,9
DotProd,54.0,45.98985833869939,9
DotProd,56.0,43.99388280746951,9
DotProd,58.0,41.99179008370904,9
DotProd,60.0,39.990824211204206,9
DotProd,62.0,37.99710238248559,9
DotProd,64.0,35.98808757244053,9
DotProd,66.0,33.98840952994211,9
DotProd,68.0,31.995653573728323,9
DotProd,70.0,29.98438506117198,9
DotProd,72.0,27.996941403734766,9
DotProd,74.0,25.994204764971073,9
DotProd,76.0,23.997263361236364,9
DotProd,78.0,21.993077913715435,9
DotProd,80.0,19.995975531229924,9
DotProd,82.0,17.98905344494532,9
DotProd,84.0,15.997907276239594,9
DotProd,86.0,13.995653573728314,9
DotProd,88.0,11.99661944623312,9
DotProd,90.0,10.693335479716701,9
DotProd,92.0,10.6373148744366,9
DotProd,94.0,10.624436574372206,9
DotProd,96.0,10.603026400515157,9
DotProd,98.0,10.59658725048296,9
DotProd,100.0,10.5616548615583,9
DotProd,102.0,10.542981326464927,9
DotProd,104.0,10.53444945267227,9
DotProd,106.0,10.530103026400537,9
DotProd,108.0,10.488409529942066,9
DotProd,110.0,10.480360592401825,9
DotProd,112.0,10.459111397295578,9
DotProd,114.0,10.457340631036724,9
DotProd,116.0,10.428364455891842,9
DotProd,118.0,10.412266580811352,9
DotProd,120.0,10.396168705730863,9
Packing,2.0,97.99822923374113,0
Packing,4.0,95.98599484867995,0
Packing,6.0,93.98502897617516,0
Packing,8.0,91.98535093367678,0
Packing,10.0,89.99581455247912,0
Packing,12.0,87.99549259497749,0
Packing,14.0,85.99420476497095,0
Packing,16.0,83.97198969735982,0
Packing,18.0,81.98840952994193,0
Packing,20.0,79.99162910495806,0
Packing,22.0,77.99259497746289,0
Packing,24.0,75.99388280746939,0
Packing,26.0,73.99275595621376,0
Packing,28.0,71.98776561493885,0
Packing,30.0,69.99726336123635,0
Packing,32.0,67.97987765614948,0
Packing,34.0,65.99710238248565,0
Packing,36.0,63.94687701223454,0
Packing,38.0,61.96571152607869,0
Packing,40.0,59.98696072118492,0
Packing,42.0,57.99581455247919,0
Packing,44.0,55.99195106245987,0
Packing,46.0,53.99629748873159,0
Packing,48.0,51.990663232453414,0
Packing,50.0,49.991629104958236,0
Packing,52.0,47.938828074694214,0
Packing,54.0,45.98985833869937,0
Packing,56.0,43.984063103670366,0
Packing,58.0,41.98873148744371,0
Packing,60.0,39.98921442369612,0
Packing,62.0,37.99436574372187,0
Packing,64.0,35.988731487443694,0
Packing,66.0,33.995653573728305,0
Packing,68.0,31.995331616226675,0
Packing,70.0,29.999517063747604,0
Packing,72.0,27.99565357372828,0
Packing,74.0,25.96233097231166,0
Packing,76.0,23.98728267868642,0
Packing,78.0,21.99066323245332,0
Packing,80.0,19.985511912427555,0
Packing,82.0,17.991307147456535,0
Packing,84.0,15.929491307147458,0
Packing,86.0,13.997102382485501,0
Packing,88.0,11.985672891178355,0
Packing,90.0,9.997907276239513,0
Packing,92.0,7.999195106245947,0
Packing,94.0,5.98873148744363,0
Packing,96.0,5.816162266580784,0
Packing,98.0,5.804732775273637,0
Packing,100.0,5.786059240180269,0
Packing,102.0,5.782678686413365,0
Packing,104.0,5.775756600128756,0
Packing,106.0,5.7570830650353875,0
Packing,108.0,5.751126851255607,0
Packing,110.0,5.739536381197654,0
Packing,112.0,5.719896973599457,0
Packing,114.0,5.717321313586578,0
Packing,116.0,5.693496458467455,0
Packing,118.0,5.688345138441697,0
Packing,120.0,5.669349645846721,0
Packing,2.0,97.98921442369605,1
Packing,4.0,95.9929169349646,1
Packing,6.0,93.986799742434,1
Packing,8.0,91.97488731487448,1
Packing,10.0,89.99034127495176,1
Packing,12.0,87.99758531873799,1
Packing,14.0,85.99597553122987,1
Packing,16.0,83.98824855119112,1
Packing,18.0,81.98985833869915,1
Packing,20.0,79.99661944623303,1
Packing,22.0,77.98728267868633,1
Packing,24.0,75.9959755312298,1
Packing,26.0,73.99597553122985,1
Packing,28.0,71.98824855119126,1
Packing,30.0,69.99227301996137,1
Packing,32.0,67.99001931745016,1
Packing,34.0,65.99855119124291,1
Packing,36.0,63.99806825499047,1
Packing,38.0,61.98438506117202,1
Packing,40.0,59.98567289117845,1
Packing,42.0,57.99001931745019,1
Packing,44.0,55.989536381197766,1
Packing,46.0,53.997585318738,1
Packing,48.0,51.995814552479146,1
Packing,50.0,49.89649066323253,1
Packing,52.0,47.998712169993624,1
Packing,54.0,45.98985833869935,1
Packing,56.0,43.99001931745014,1
Packing,58.0,41.99726336123636,1
Packing,60.0,39.99179008370899,1
Packing,62.0,37.9954925949775,1
Packing,64.0,35.999356084996805,1
Packing,66.0,33.999034127495186,1
Packing,68.0,31.991146168705743,1
Packing,70.0,29.99758531873794,1
Packing,72.0,27.98792659368964,1
Packing,74.0,25.998873148744373,1
Packing,76.0,23.994365743721836,1
Packing,78.0,21.993721828718613,1
Packing,80.0,19.986316806181588,1
Packing,82.0,17.993399871217004,1
Packing,84.0,15.987765614938828,1
Packing,86.0,13.993399871216994,1
Packing,88.0,11.99903412749516,1
Packing,90.0,9.990824211204101,1
Packing,92.0,7.99050225370249,1
Packing,94.0,5.998551191242732,1
Packing,96.0,5.684320669671579,1
Packing,98.0,5.679169349645822,1
Packing,100.0,5.669671603348334,1
Packing,102.0,5.637475853187356,1
Packing,104.0,5.626368319381818,1
Packing,106.0,5.620412105602037,1
Packing,108.0,5.602543464262694,1
Packing,110.0,5.602543464262694,1
Packing,112.0,5.574855119124253,1
Packing,114.0,5.552801030263983,1
Packing,116.0,5.515453960077248,1
Packing,118.0,5.4982292337411245,1
Packing,120.0,5.4692530585962436,1
Packing,2.0,97.9320669671603,2
Packing,4.0,95.99517063747582,2
Packing,6.0,93.98889246619446,2
Packing,8.0,91.98712169993564,2
Packing,10.0,89.98712169993567,2
Packing,12.0,87.99951706374763,2
Packing,14.0,85.99565357372826,2
Packing,16.0,83.98712169993554,2
Packing,18.0,81.99629748873136,2
Packing,20.0,79.98873148744356,2
Packing,22.0,77.99356084996771,2
Packing,24.0,75.99726336123622,2
Packing,26.0,73.99710238248542,2
Packing,28.0,71.99935608499675,2
Packing,30.0,69.99372182871856,2
Packing,32.0,67.98857050869293,2
Packing,34.0,65.99420476497114,2
Packing,36.0,63.98309723116561,2
Packing,38.0,61.99758531873803,2
Packing,40.0,59.98905344494537,2
Packing,42.0,57.991951062459854,2
Packing,44.0,55.99661944623321,2
Packing,46.0,53.992433998712286,2
Packing,48.0,51.98728267868651,2
Packing,50.0,49.9964584674824,2
Packing,52.0,47.995331616226764,2
Packing,54.0,45.99066323245342,2
Packing,56.0,43.99082421120419,2
Packing,58.0,41.995492594977534,2
Packing,60.0,39.994043786220274,2
Packing,62.0,37.995009658725095,2
Packing,64.0,35.99452672247266,2
Packing,66.0,33.99372182871863,2
Packing,68.0,31.993560849967817,2
Packing,70.0,29.99935608499679,2
Packing,72.0,27.991790083708963,2
Packing,74.0,25.99855119124278,2
Packing,76.0,23.999195106245992,2
Packing,78.0,21.99533161622667,2
Packing,80.0,19.993077913715393,2
Packing,82.0,17.98406310367032,2
Packing,84.0,15.991790083708954,2
Packing,86.0,13.995492594977458,2
Packing,88.0,11.99790727623953,2
Packing,90.0,9.994848679974226,2
Packing,92.0,7.990985189954904,2
Packing,94.0,5.986155827430757,2
Packing,96.0,5.863007083065013,2
Packing,98.0,5.846909207984523,2
Packing,100.0,5.831455247907253,2
Packing,102.0,5.817611075338032,2
Packing,104.0,5.793786220218908,2
Packing,106.0,5.786059240180273,2
Packing,108.0,5.786059240180273,2
Packing,110.0,5.773180940115881,2
Packing,112.0,5.760302640051489,2
Packing,114.0,5.717804249838998,2
Packing,116.0,5.670959433354774,2
Packing,118.0,5.670959433354774,2
Packing,120.0,5.663232453316139,2
Packing,2.0,97.99694140373468,3
Packing,4.0,95.99388280746942,3
Packing,6.0,93.99919510624598,3
Packing,8.0,91.99661944623314,3
Packing,10.0,89.99661944623317,3
Packing,12.0,87.99146812620742,3
Packing,14.0,85.98921442369608,3
Packing,16.0,83.98470701867345,3
Packing,18.0,81.98486799742426,3
Packing,20.0,79.98583386992911,3
Packing,22.0,77.99066323245324,3
Packing,24.0,75.99871216999354,3
Packing,26.0,73.99146812620732,3
Packing,28.0,71.99291693496461,3
Packing,30.0,69.99517063747585,3
Packing,32.0,67.99903412749526,3
Packing,34.0,65.98551191242768,3
Packing,36.0,63.99597553122999,3
Packing,38.0,61.98776561493893,3
Packing,40.0,59.9806825499035,3
Packing,42.0,57.996297488731585,3
Packing,44.0,55.9905022537026,3
Packing,46.0,53.99066323245341,3
Packing,48.0,51.998712169993645,3
Packing,50.0,49.98953638119775,3
Packing,52.0,47.98551191242761,3
Packing,54.0,45.98535093367681,3
Packing,56.0,43.99790727623959,3
Packing,58.0,41.98631680618162,3
Packing,60.0,39.98406310367035,3
Packing,62.0,37.987765614938866,3
Packing,64.0,35.984385061171956,3
Packing,66.0,33.973921442369644,3
Packing,68.0,31.997907276239566,3
Packing,70.0,29.995331616226682,3
Packing,72.0,27.987926593689654,3
Packing,74.0,25.989697359948504,3
Packing,76.0,23.998551191242772,3
Packing,78.0,21.99806825499035,3
Packing,80.0,19.999195106245985,3
Packing,82.0,17.992433998712173,3
Packing,84.0,15.999195106245976,3
Packing,86.0,13.995170637475846,3
Packing,88.0,11.995653573728255,3
Packing,90.0,9.996780424983882,3
Packing,92.0,7.997263361236293,3
Packing,94.0,5.994365743721803,3
Packing,96.0,5.8029620090147835,3
Packing,98.0,5.784288473921416,3
Packing,100.0,5.777366387636804,3
Packing,102.0,5.772215067611047,3
Packing,104.0,5.767063747585291,3
Packing,106.0,5.736316806181558,3
Packing,108.0,5.730360592401777,3
Packing,110.0,5.709916291049557,3
Packing,112.0,5.702994204764946,3
Packing,114.0,5.693496458467457,3
Packing,116.0,5.676271732131335,3
Packing,118.0,5.669349645846725,3
Packing,120.0,5.6371538956857465,3
Packing,2.0,97.9966194462331,4
Packing,4.0,95.99629748873149,4
Packing,6.0,93.9998390212492,4
Packing,8.0,91.99710238248554,4
Packing,10.0,89.99726336123636,4
Packing,12.0,87.9879265936897,4
Packing,14.0,85.99323889246627,4
Packing,16.0,83.99227301996132,4
Packing,18.0,81.9953316162265,4
Packing,20.0,79.99034127495158,4
Packing,22.0,77.99565357372812,4
Packing,24.0,75.9942047649709,4
Packing,26.0,73.93947198969728,4
Packing,28.0,71.99710238248544,4
Packing,30.0,69.9945267224726,4
Packing,32.0,67.90534449452682,4
Packing,34.0,65.99710238248572,4
Packing,36.0,63.98358016741808,4
Packing,38.0,61.99517063747603,4
Packing,40.0,59.988892466194635,4
Packing,42.0,57.997102382485686,4
Packing,44.0,55.99629748873165,4
Packing,46.0,53.99887314874452,4
Packing,48.0,51.99871216999371,4
Packing,50.0,49.99323889246634,4
Packing,52.0,47.99452672247277,4
Packing,54.0,45.993560849967935,4
Packing,56.0,43.99484867997435,4
Packing,58.0,41.989536381197794,4
Packing,60.0,39.99082421120423,4
Packing,62.0,37.99114616870583,4
Packing,64.0,35.994848679974304,4
Packing,66.0,33.99146812620737,4
Packing,68.0,31.988892466194496,4
Packing,70.0,29.997424339987155,4
Packing,72.0,27.99018029620093,4
Packing,74.0,25.999356084996805,4
Packing,76.0,23.995331616226682,4
Packing,78.0,21.99694140373473,4
Packing,80.0,19.99291693496462,4
Packing,82.0,18.000000000000018,4
Packing,84.0,15.985833869929186,4
Packing,86.0,13.990663232453333,4
Packing,88.0,11.984707018673545,4
Packing,90.0,9.994687701223432,4
Packing,92.0,7.996941403734691,4
Packing,94.0,5.997102382485493,4
Packing,96.0,5.635383129426896,4
Packing,98.0,5.6012556342562565,4
Packing,100.0,5.58322601416611,4
Packing,102.0,5.555859626529277,4
Packing,104.0,5.537990985189934,4
Packing,106.0,5.532839665164177,4
Packing,108.0,5.499517063747563,4
Packing,110.0,5.490019317450074,4
Packing,112.0,5.487443657437195,4
Packing,114.0,5.450901481004486,4
Packing,116.0,5.417417900837066,4
Packing,118.0,5.408886027044405,4
Packing,120.0,5.3934320669671365,4
Packing,2.0,97.98164842240823,5
Packing,4.0,95.98905344494527,5
Packing,6.0,93.99098518995494,5
Packing,8.0,91.99581455247912,5
Packing,10.0,89.98470701867359,5
Packing,12.0,87.99919510624605,5
Packing,14.0,85.99661944623314,5
Packing,16.0,83.99887314874437,5
Packing,18.0,81.9903412749517,5
Packing,20.0,79.99533161622665,5
Packing,22.0,77.99436574372183,5
Packing,24.0,75.99468770122346,5
Packing,26.0,73.9956535737283,5
Packing,28.0,71.99983902124926,5
Packing,30.0,69.99001931745016,5
Packing,32.0,67.99468770122355,5
Packing,34.0,65.99034127495187,5
Packing,36.0,63.99468770122358,5
Packing,38.0,61.993399871217136,5
Packing,40.0,59.991307147456666,5
Packing,42.0,57.99098518995505,5
Packing,44.0,55.993560849967906,5
Packing,46.0,53.994687701223555,5
Packing,48.0,51.92289117836454,5
Packing,50.0,49.98857050869292,5
Packing,52.0,47.99983902124927,5
Packing,54.0,45.92305215711533,5
Packing,56.0,43.9980682549904,5
Packing,58.0,41.997907276239594,5
Packing,60.0,39.990180296200954,5
Packing,62.0,37.940115904700626,5
Packing,64.0,35.98792659368966,5
Packing,66.0,33.99323889246622,5
Packing,68.0,31.994043786220228,5
Packing,70.0,29.993560849967814,5
Packing,72.0,27.99742433998712,5
Packing,74.0,25.992273019961367,5
Packing,76.0,23.989858338699296,5
Packing,78.0,21.915164198325822,5
Packing,80.0,19.994204764971023,5
Packing,82.0,17.99983902124919,5
Packing,84.0,15.991468126207339,5
Packing,86.0,13.984546039922725,5
Packing,88.0,11.991307147456528,5
Packing,90.0,9.987604636188008,5
Packing,92.0,7.988087572440417,5
Packing,94.0,5.990663232453293,5
Packing,96.0,5.477141017385683,5
Packing,98.0,5.4745653573728035,5
Packing,100.0,5.461687057308412,5
Packing,102.0,5.443818415969069,5
Packing,104.0,5.442047649710215,5
Packing,106.0,5.439471989697338,5
Packing,108.0,5.433354797166751,5
Packing,110.0,5.397295556986456,5
Packing,112.0,5.389568576947821,5
Packing,114.0,5.35801674179006,5
Packing,116.0,5.351094655505449,5
Packing,118.0,5.344172569220838,5
Packing,120.0,5.33467482292335,5
Packing,2.0,97.98824855119123,6
Packing,4.0,95.98551191242757,6
Packing,6.0,93.99227301996137,6
Packing,8.0,91.99645846748231,6
Packing,10.0,89.94510624597555,6
Packing,12.0,87.99388280746946,6
Packing,14.0,85.99372182871863,6
Packing,16.0,83.99565357372822,6
Packing,18.0,81.98599484867984,6
Packing,20.0,79.9977462974886,6
Packing,22.0,77.98889246619434,6
Packing,24.0,75.9935608499677,6
Packing,26.0,73.99597553122977,6
Packing,28.0,71.98422408242104,6
Packing,30.0,69.98180940115896,6
Packing,32.0,67.9922730199614,6
Packing,34.0,65.99339987121714,6
Packing,36.0,63.99517063747599,6
Packing,38.0,61.995009658725166,6
Packing,40.0,59.98390212491963,6
Packing,42.0,57.99452672247275,6
Packing,44.0,55.9964584674824,6
Packing,46.0,53.987926593689735,6
Packing,48.0,51.998390212492055,6
Packing,50.0,49.999517063747675,6
Packing,52.0,47.989214423696154,6
Packing,54.0,45.99726336123639,6
Packing,56.0,43.993882807469475,6
Packing,58.0,41.99919510624604,6
Packing,60.0,39.99339987121706,6
Packing,62.0,37.995492594977506,6
Packing,64.0,35.984707018673575,6
Packing,66.0,33.987121699935635,6
Packing,68.0,31.98712169993564,6
Packing,70.0,29.984063103670334,6
Packing,72.0,27.993077913715403,6
Packing,74.0,25.99420476497104,6
Packing,76.0,23.993721828718623,6
Packing,78.0,21.998712169993578,6
Packing,80.0,19.98116548615584,6
Packing,82.0,17.996458467482306,6
Packing,84.0,15.996780424983914,6
Packing,86.0,13.996136509980689,6
Packing,88.0,11.998229233741155,6
Packing,90.0,9.990019317450091,6
Packing,92.0,7.989375402446859,6
Packing,94.0,5.914198325820974,6
Packing,96.0,5.771571152607838,6
Packing,98.0,5.740824211204103,6
Packing,100.0,5.725370251126831,6
Packing,102.0,5.698164842240803,6
Packing,104.0,5.686413393432045,6
Packing,106.0,5.683837733419166,6
Packing,108.0,5.676110753380533,6
Packing,110.0,5.665808113329018,6
Packing,112.0,5.644558918222772,6
Packing,114.0,5.632485511912404,6
Packing,116.0,5.624758531873769,6
Packing,118.0,5.613650998068231,6
Packing,120.0,5.593206696716011,6
Packing,2.0,97.99533161622664,7
Packing,4.0,95.99372182871859,7
Packing,6.0,93.99951706374759,7
Packing,8.0,91.99195106245979,7
Packing,10.0,89.99275595621386,7
Packing,12.0,87.99806825499047,7
Packing,14.0,85.98760463618811,7
Packing,16.0,83.99388280746942,7
Packing,18.0,81.98518995492594,7
Packing,20.0,79.99549259497749,7
Packing,22.0,77.9961365099807,7
Packing,24.0,75.98969735994852,7
Packing,26.0,73.9885705086929,7
Packing,28.0,71.98567289117848,7
Packing,30.0,69.99549259497755,7
Packing,32.0,67.99661944623324,7
Packing,34.0,65.99613650998086,7
Packing,36.0,63.97794591113988,7
Packing,38.0,61.98921442369619,7
Packing,40.0,59.99855119124287,7
Packing,42.0,57.99356084996792,7
Packing,44.0,55.98615582743089,7
Packing,46.0,53.96522858982625,7
Packing,48.0,51.949935608499786,7
Packing,50.0,49.98696072118491,7
Packing,52.0,47.984546039922826,7
Packing,54.0,45.97311654861568,7
Packing,56.0,43.9977462974888,7
Packing,58.0,41.99018029620096,7
Packing,60.0,39.998873148744416,7
Packing,62.0,37.99935608499683,7
Packing,64.0,35.99822923374119,7
Packing,66.0,33.994204764971066,7
Packing,68.0,31.989697359948522,7
Packing,70.0,29.986638763683217,7
Packing,72.0,27.991951062459776,7
Packing,74.0,25.9961365099807,7
Packing,76.0,23.999839021249215,7
Packing,78.0,21.992594977463,7
Packing,80.0,19.98567289117838,7
Packing,82.0,17.984063103670326,7
Packing,84.0,15.984707018673545,7
Packing,86.0,13.997585318737926,7
Packing,88.0,11.987604636188022,7
Packing,90.0,9.984707018673527,7
Packing,92.0,7.929169349645833,7
Packing,94.0,5.9964584674822765,7
Packing,96.0,5.840470057952336,7
Packing,98.0,5.8065035415325035,7
Packing,100.0,5.788473921442354,7
Packing,102.0,5.777366387636816,7
Packing,104.0,5.759336767546668,7
Packing,106.0,5.74983902124918,7
Packing,108.0,5.733580167417884,7
Packing,110.0,5.731004507405006,7
Packing,112.0,5.726658081133274,7
Packing,114.0,5.721506761107518,7
Packing,116.0,5.706857694784273,7
Packing,118.0,5.693174500965857,7
Packing,120.0,5.686252414681247,7
Packing,2.0,97.98760463618801,8
Packing,4.0,95.98792659368962,8
Packing,6.0,93.9896973599485,8
Packing,8.0,91.99500965872507,8
Packing,10.0,89.9913071474566,8
Packing,12.0,87.98502897617524,8
Packing,14.0,85.99339987121702,8
Packing,16.0,83.99597553122983,8
Packing,18.0,81.99855119124268,8
Packing,20.0,79.99678042498387,8
Packing,22.0,77.99629748873143,8
Packing,24.0,75.99050225370246,8
Packing,26.0,73.99758531873789,8
Packing,28.0,71.91870573084354,8
Packing,30.0,69.9913071474566,8
Packing,32.0,67.99066323245341,8
Packing,34.0,65.99839021249213,8
Packing,36.0,63.99356084996797,8
Packing,38.0,61.985511912427704,8
Packing,40.0,59.98406310367045,8
Packing,42.0,57.98824855119137,8
Packing,44.0,55.9995170637477,8
Packing,46.0,53.92627173213148,8
Packing,48.0,51.988731487443765,8
Packing,50.0,49.87974887314886,8
Packing,52.0,47.99372182871872,8
Packing,54.0,45.987443657437325,8
Packing,56.0,43.98583386992926,8
Packing,58.0,41.99758531873801,8
Packing,60.0,39.9974243399872,8
Packing,62.0,37.99935608499684,8
Packing,64.0,35.9982292337412,8
Packing,66.0,33.98438506117196,8
Packing,68.0,31.990502253702534,8
Packing,70.0,29.998873148744394,8
Packing,72.0,27.993077913715407,8
Packing,74.0,25.99323889246621,8
Packing,76.0,23.99790727623955,8
Packing,78.0,21.999517063747586,8
Packing,80.0,19.999839021249198,8
Packing,82.0,17.973116548615582,8
Packing,84.0,15.988731487443655,8
Packing,86.0,13.99066323245331,8
Packing,88.0,11.988409529942036,8
Packing,90.0,9.997585318737906,8
Packing,92.0,7.985833869929143,8
Packing,94.0,5.994526722472607,8
Packing,96.0,5.539439793947173,8
Packing,98.0,5.5376690276883185,8
Packing,100.0,5.513039278815168,8
Packing,102.0,5.495170637475826,8
Packing,104.0,5.469735994848653,8
Packing,106.0,5.4628139085640415,8
Packing,108.0,5.458467482292309,8
Packing,110.0,5.452511268512527,8
Packing,112.0,5.445589182227916,8
Packing,114.0,5.440437862202161,8
Packing,116.0,5.435286542176404,8
Packing,118.0,5.4191886670959155,8
Packing,120.0,5.414037347070158,8
Packing,2.0,97.98486799742435,9
Packing,4.0,95.9962974887315,9
Packing,6.0,93.98470701867355,9
Packing,8.0,91.98969735994851,9
Packing,10.0,89.9922730199614,9
Packing,12.0,87.99806825499043,9
Packing,14.0,85.98647778493243,9
Packing,16.0,83.99919510624592,9
Packing,18.0,81.98857050869277,9
Packing,20.0,79.9882485511912,9
Packing,22.0,77.98905344494521,9
Packing,24.0,75.99871216999352,9
Packing,26.0,73.99420476497099,9
Packing,28.0,71.99130714745652,9
Packing,30.0,69.98502897617517,9
Packing,32.0,67.99774629748883,9
Packing,34.0,65.99211204121069,9
Packing,36.0,63.987121699935734,9
Packing,38.0,61.90148100450752,9
Packing,40.0,59.9962974887316,9
Packing,42.0,57.999195106246084,9
Packing,44.0,55.99774629748884,9
Packing,46.0,53.99323889246629,9
Packing,48.0,51.9771410173858,9
Packing,50.0,49.9839021249196,9
Packing,52.0,47.9776239536382,9
Packing,54.0,45.989858338699364,9
Packing,56.0,43.993882807469475,9
Packing,58.0,41.991790083709006,9
Packing,60.0,39.99082421120418,9
Packing,62.0,37.997102382485565,9
Packing,64.0,35.98808757244048,9
Packing,66.0,33.98840952994207,9
Packing,68.0,31.995653573728294,9
Packing,70.0,29.98438506117195,9
Packing,72.0,27.99694140373472,9
Packing,74.0,25.99420476497104,9
Packing,76.0,23.997263361236328,9
Packing,78.0,21.993077913715396,9
Packing,80.0,19.995975531229888,9
Packing,82.0,17.98905344494527,9
Packing,84.0,15.997907276239538,9
Packing,86.0,13.995653573728267,9
Packing,88.0,11.996619446233094,9
Packing,90.0,9.992273019961353,9
Packing,92.0,7.994848679974225,9
Packing,94.0,5.9950096587250306,9
Packing,96.0,5.558757244043768,9
Packing,98.0,5.552318094011572,9
Packing,100.0,5.51738570508691,9
Packing,102.0,5.514810045074032,9
Packing,104.0,5.506278171281373,9
Packing,106.0,5.5019317450096406,9
Packing,108.0,5.460238248551173,9
Packing,110.0,5.452189311010929,9
Packing,112.0,5.447037990985171,9
Packing,114.0,5.445267224726318,9
Packing,116.0,5.416291049581438,9
Packing,118.0,5.416291049581438,9
Packing,120.0,5.400193174500948,9
Clustering,2.0,97.99822923374113,0
Clustering,4.0,95.98599484867997,0
Clustering,6.0,93.98502897617516,0
Clustering,8.0,91.98535093367677,0
Clustering,10.0,89.99581455247912,0
Clustering,12.0,87.99549259497752,0
Clustering,14.0,85.994204764971,0
Clustering,16.0,83.97198969735989,0
Clustering,18.0,81.98840952994203,0
Clustering,20.0,79.9916291049581,0
Clustering,22.0,77.99259497746293,0
Clustering,24.0,75.99388280746939,0
Clustering,26.0,73.99275595621377,0
Clustering,28.0,71.98776561493881,0
Clustering,30.0,69.99726336123632,0
Clustering,32.0,67.97987765614945,0
Clustering,34.0,65.99710238248562,0
Clustering,36.0,63.946877012234495,0
Clustering,38.0,61.96571152607867,0
Clustering,40.0,59.986960721184914,0
Clustering,42.0,57.995814552479175,0
Clustering,44.0,55.991951062459854,0
Clustering,46.0,53.99629748873159,0
Clustering,48.0,51.99066323245341,0
Clustering,50.0,49.991629104958236,0
Clustering,52.0,47.938828074694214,0
Clustering,54.0,45.98985833869936,0
Clustering,56.0,43.984063103670366,0
Clustering,58.0,41.98873148744371,0
Clustering,60.0,39.98921442369611,0
Clustering,62.0,37.99436574372187,0
Clustering,64.0,35.98873148744367,0
Clustering,66.0,33.995653573728276,0
Clustering,68.0,31.995331616226668,0
Clustering,70.0,29.9995170637476,0
Clustering,72.0,27.995653573728273,0
Clustering,74.0,25.96233097231166,0
Clustering,76.0,23.987282678686412,0
Clustering,78.0,21.990663232453315,0
Clustering,80.0,19.985511912427565,0
Clustering,82.0,17.99130714745654,0
Clustering,84.0,15.929491307147462,0
Clustering,86.0,13.997102382485513,0
Clustering,88.0,11.985672891178362,0
Clustering,90.0,9.997907276239525,0
Clustering,92.0,7.999195106245958,0
Clustering,94.0,5.98873148744364,0
Clustering,96.0,5.762556342562765,0
Clustering,98.0,5.75482936252413,0
Clustering,100.0,5.736155827430762,0
Clustering,102.0,5.73277527366386,0
Clustering,104.0,5.725853187379249,0
Clustering,106.0,5.707179652285881,0
Clustering,108.0,5.7012234385061,0
Clustering,110.0,5.68963296844815,0
Clustering,112.0,5.669993560849951,0
Clustering,114.0,5.667417900837073,0
Clustering,116.0,5.643593045717949,0
Clustering,118.0,5.638441725692191,0
Clustering,120.0,5.6194462330972135,0
Clustering,2.0,97.98921442369607,1
Clustering,4.0,95.9929169349646,1
Clustering,6.0,93.98679974243402,1
Clustering,8.0,91.9748873148745,1
Clustering,10.0,89.99034127495177,1
Clustering,12.0,87.99758531873803,1
Clustering,14.0,85.9959755312299,1
Clustering,16.0,83.98824855119115,1
Clustering,18.0,81.98985833869918,1
Clustering,20.0,79.99661944623303,1
Clustering,22.0,77.98728267868636,1
Clustering,24.0,75.99597553122985,1
Clustering,26.0,73.99597553122985,1
Clustering,28.0,71.98824855119128,1
Clustering,30.0,69.99227301996139,1
Clustering,32.0,67.99001931745022,1
Clustering,34.0,65.99855119124291,1
Clustering,36.0,63.99806825499047,1
Clustering,38.0,61.984385061172034,1
Clustering,40.0,59.985672891178474,1
Clustering,42.0,57.990019317450205,1
Clustering,44.0,55.989536381197794,1
Clustering,46.0,53.997585318738025,1
Clustering,48.0,51.99581455247917,1
Clustering,50.0,49.89649066323255,1
Clustering,52.0,47.998712169993645,1
Clustering,54.0,45.98985833869938,1
Clustering,56.0,43.990019317450155,1
Clustering,58.0,41.99726336123638,1
Clustering,60.0,39.991790083709006,1
Clustering,62.0,37.99549259497753,1
Clustering,64.0,35.999356084996826,1
Clustering,66.0,33.99903412749521,1
Clustering,68.0,31.991146168705765,1
Clustering,70.0,29.99758531873795,1
Clustering,72.0,27.987926593689654,1
Clustering,74.0,25.998873148744384,1
Clustering,76.0,23.994365743721843,1
Clustering,78.0,21.993721828718613,1
Clustering,80.0,19.986316806181588,1
Clustering,82.0,17.99339987121701,1
Clustering,84.0,15.987765614938834,1
Clustering,86.0,13.993399871217003,1
Clustering,88.0,11.999034127495165,1
Clustering,90.0,9.990824211204108,1
Clustering,92.0,7.9905022537024974,1
Clustering,94.0,5.998551191242741,1
Clustering,96.0,5.634417256922072,1
Clustering,98.0,5.629265936896315,1
Clustering,100.0,5.619768190598827,1
Clustering,102.0,5.587572440437848,1
Clustering,104.0,5.57646490663231,1
Clustering,106.0,5.570508692852529,1
Clustering,108.0,5.552640051513187,1
Clustering,110.0,5.552640051513187,1
Clustering,112.0,5.524951706374744,1
Clustering,114.0,5.502897617514474,1
Clustering,116.0,5.465550547327739,1
Clustering,118.0,5.448325820991614,1
Clustering,120.0,5.435447520927224,1
Clustering,2.0,97.9320669671603,2
Clustering,4.0,95.99517063747582,2
Clustering,6.0,93.98889246619446,2
Clustering,8.0,91.98712169993561,2
Clustering,10.0,89.98712169993568,2
Clustering,12.0,87.99951706374763,2
Clustering,14.0,85.99565357372823,2
Clustering,16.0,83.98712169993553,2
Clustering,18.0,81.9962974887314,2
Clustering,20.0,79.98873148744357,2
Clustering,22.0,77.99356084996774,2
Clustering,24.0,75.99726336123626,2
Clustering,26.0,73.9971023824855,2
Clustering,28.0,71.99935608499682,2
Clustering,30.0,69.99372182871865,2
Clustering,32.0,67.98857050869294,2
Clustering,34.0,65.99420476497116,2
Clustering,36.0,63.98309723116561,2
Clustering,38.0,61.99758531873805,2
Clustering,40.0,59.98905344494537,2
Clustering,42.0,57.991951062459854,2
Clustering,44.0,55.9966194462332,2
Clustering,46.0,53.99243399871227,2
Clustering,48.0,51.98728267868651,2
Clustering,50.0,49.99645846748239,2
Clustering,52.0,47.99533161622675,2
Clustering,54.0,45.99066323245341,2
Clustering,56.0,43.99082421120419,2
Clustering,58.0,41.995492594977534,2
Clustering,60.0,39.99404378622027,2
Clustering,62.0,37.995009658725095,2
Clustering,64.0,35.99452672247268,2
Clustering,66.0,33.99372182871865,2
Clustering,68.0,31.99356084996782,2
Clustering,70.0,29.999356084996798,2
Clustering,72.0,27.991790083708967,2
Clustering,74.0,25.99855119124278,2
Clustering,76.0,23.999195106245992,2
Clustering,78.0,21.995331616226675,2
Clustering,80.0,19.9930779137154,2
Clustering,82.0,17.984063103670326,2
Clustering,84.0,15.991790083708961,2
Clustering,86.0,13.99549259497747,2
Clustering,88.0,11.99790727623954,2
Clustering,90.0,9.994848679974229,2
Clustering,92.0,7.990985189954909,2
Clustering,94.0,6.0183515775917416,2
Clustering,96.0,5.972955569864763,2
Clustering,98.0,5.956857694784273,2
Clustering,100.0,5.941403734707004,2
Clustering,102.0,5.927559562137784,2
Clustering,104.0,5.903734707018659,2
Clustering,106.0,5.896007726980025,2
Clustering,108.0,5.896007726980025,2
Clustering,110.0,5.883129426915632,2
Clustering,112.0,5.870251126851241,2
Clustering,114.0,5.8277527366387485,2
Clustering,116.0,5.780907920154524,2
Clustering,118.0,5.780907920154524,2
Clustering,120.0,5.773180940115888,2
Clustering,2.0,97.99694140373472,3
Clustering,4.0,95.99388280746943,3
Clustering,6.0,93.999195106246,3
Clustering,8.0,91.99661944623315,3
Clustering,10.0,89.99661944623318,3
Clustering,12.0,87.99146812620745,3
Clustering,14.0,85.98921442369604,3
Clustering,16.0,83.98470701867348,3
Clustering,18.0,81.9848679974243,3
Clustering,20.0,79.98583386992915,3
Clustering,22.0,77.99066323245329,3
Clustering,24.0,75.99871216999357,3
Clustering,26.0,73.99146812620737,3
Clustering,28.0,71.99291693496467,3
Clustering,30.0,69.99517063747594,3
Clustering,32.0,67.99903412749528,3
Clustering,34.0,65.98551191242768,3
Clustering,36.0,63.99597553122999,3
Clustering,38.0,61.98776561493893,3
Clustering,40.0,59.980682549903506,3
Clustering,42.0,57.99629748873157,3
Clustering,44.0,55.9905022537026,3
Clustering,46.0,53.99066323245341,3
Clustering,48.0,51.99871216999363,3
Clustering,50.0,49.989536381197766,3
Clustering,52.0,47.98551191242762,3
Clustering,54.0,45.98535093367681,3
Clustering,56.0,43.99790727623959,3
Clustering,58.0,41.98631680618162,3
Clustering,60.0,39.98406310367035,3
Clustering,62.0,37.987765614938866,3
Clustering,64.0,35.984385061171956,3
Clustering,66.0,33.97392144236965,3
Clustering,68.0,31.997907276239566,3
Clustering,70.0,29.9953316162267,3
Clustering,72.0,27.987926593689664,3
Clustering,74.0,25.989697359948522,3
Clustering,76.0,23.998551191242793,3
Clustering,78.0,21.998068254990375,3
Clustering,80.0,19.999195106246002,3
Clustering,82.0,17.992433998712183,3
Clustering,84.0,15.999195106245983,3
Clustering,86.0,13.995170637475853,3
Clustering,88.0,11.995653573728266,3
Clustering,90.0,9.996780424983895,3
Clustering,92.0,7.997263361236307,3
Clustering,94.0,5.994365743721819,3
Clustering,96.0,5.854958145524781,3
Clustering,98.0,5.836284610431415,3
Clustering,100.0,5.829362524146804,3
Clustering,102.0,5.824211204121047,3
Clustering,104.0,5.81905988409529,3
Clustering,106.0,5.740019317450088,3
Clustering,108.0,5.734063103670308,3
Clustering,110.0,5.713618802318086,3
Clustering,112.0,5.706696716033475,3
Clustering,114.0,5.681101094655497,3
Clustering,116.0,5.663876368319373,3
Clustering,118.0,5.656954282034763,3
Clustering,120.0,5.624758531873785,3
Clustering,2.0,97.9966194462331,4
Clustering,4.0,95.99629748873149,4
Clustering,6.0,93.9998390212492,4
Clustering,8.0,91.99710238248552,4
Clustering,10.0,89.99726336123636,4
Clustering,12.0,87.98792659368968,4
Clustering,14.0,85.99323889246622,4
Clustering,16.0,83.99227301996127,4
Clustering,18.0,81.99533161622644,4
Clustering,20.0,79.9903412749515,4
Clustering,22.0,77.99565357372806,4
Clustering,24.0,75.99420476497085,4
Clustering,26.0,73.93947198969721,4
Clustering,28.0,71.99710238248538,4
Clustering,30.0,69.99452672247256,4
Clustering,32.0,67.90534449452677,4
Clustering,34.0,65.99710238248568,4
Clustering,36.0,63.98358016741806,4
Clustering,38.0,61.99517063747601,4
Clustering,40.0,59.98889246619461,4
Clustering,42.0,57.99710238248566,4
Clustering,44.0,55.99629748873163,4
Clustering,46.0,53.99887314874451,4
Clustering,48.0,51.99871216999371,4
Clustering,50.0,49.99323889246634,4
Clustering,52.0,47.994526722472756,4
Clustering,54.0,45.99356084996793,4
Clustering,56.0,43.99484867997436,4
Clustering,58.0,41.98953638119779,4
Clustering,60.0,39.99082421120422,4
Clustering,62.0,37.991146168705825,4
Clustering,64.0,35.994848679974304,4
Clustering,66.0,33.99146812620737,4
Clustering,68.0,31.988892466194496,4
Clustering,70.0,29.997424339987155,4
Clustering,72.0,27.99018029620094,4
Clustering,74.0,25.999356084996805,4
Clustering,76.0,23.99533161622668,4
Clustering,78.0,21.99694140373473,4
Clustering,80.0,19.99291693496461,4
Clustering,82.0,18.000000000000018,4
Clustering,84.0,15.98583386992919,4
Clustering,86.0,13.990663232453333,4
Clustering,88.0,11.984707018673545,4
Clustering,90.0,9.994687701223436,4
Clustering,92.0,7.996941403734693,4
Clustering,94.0,5.997102382485496,4
Clustering,96.0,5.6353831294268995,4
Clustering,98.0,5.601255634256259,4
Clustering,100.0,5.5832260141661125,4
Clustering,102.0,5.55585962652928,4
Clustering,104.0,5.537990985189938,4
Clustering,106.0,5.532839665164182,4
Clustering,108.0,5.499517063747569,4
Clustering,110.0,5.4900193174500815,4
Clustering,112.0,5.487443657437203,4
Clustering,114.0,5.450901481004492,4
Clustering,116.0,5.4174179008370755,4
Clustering,118.0,5.4088860270444155,4
Clustering,120.0,5.393432066967145,4
Clustering,2.0,97.98164842240823,5
Clustering,4.0,95.98905344494527,5
Clustering,6.0,93.99098518995496,5
Clustering,8.0,91.99581455247912,5
Clustering,10.0,89.98470701867359,5
Clustering,12.0,87.99919510624605,5
Clustering,14.0,85.99661944623314,5
Clustering,16.0,83.99887314874437,5
Clustering,18.0,81.9903412749517,5
Clustering,20.0,79.99533161622666,5
Clustering,22.0,77.99436574372184,5
Clustering,24.0,75.99468770122344,5
Clustering,26.0,73.99565357372829,5
Clustering,28.0,71.99983902124923,5
Clustering,30.0,69.99001931745012,5
Clustering,32.0,67.99468770122353,5
Clustering,34.0,65.99034127495185,5
Clustering,36.0,63.99468770122356,5
Clustering,38.0,61.99339987121712,5
Clustering,40.0,59.991307147456666,5
Clustering,42.0,57.99098518995503,5
Clustering,44.0,55.993560849967906,5
Clustering,46.0,53.99468770122354,5
Clustering,48.0,51.92289117836454,5
Clustering,50.0,49.98857050869292,5
Clustering,52.0,47.99983902124925,5
Clustering,54.0,45.92305215711532,5
Clustering,56.0,43.9980682549904,5
Clustering,58.0,41.99790727623959,5
Clustering,60.0,39.99018029620095,5
Clustering,62.0,37.940115904700626,5
Clustering,64.0,35.98792659368966,5
Clustering,66.0,33.9932388924662,5
Clustering,68.0,31.994043786220228,5
Clustering,70.0,29.99356084996781,5
Clustering,72.0,27.99742433998712,5
Clustering,74.0,25.992273019961367,5
Clustering,76.0,23.98985833869929,5
Clustering,78.0,21.915164198325822,5
Clustering,80.0,19.994204764971027,5
Clustering,82.0,17.999839021249205,5
Clustering,84.0,15.99146812620735,5
Clustering,86.0,13.984546039922735,5
Clustering,88.0,11.991307147456537,5
Clustering,90.0,9.987604636188017,5
Clustering,92.0,7.988087572440425,5
Clustering,94.0,5.990663232453305,5
Clustering,96.0,5.535093367675454,5
Clustering,98.0,5.532517707662576,5
Clustering,100.0,5.519639407598185,5
Clustering,102.0,5.501770766258842,5
Clustering,104.0,5.4999999999999885,5
Clustering,106.0,5.49742433998711,5
Clustering,108.0,5.491307147456524,5
Clustering,110.0,5.455247907276228,5
Clustering,112.0,5.447520927237593,5
Clustering,114.0,5.415969092079834,5
Clustering,116.0,5.409047005795223,5
Clustering,118.0,5.402124919510611,5
Clustering,120.0,5.392627173213121,5
Clustering,2.0,97.98824855119123,6
Clustering,4.0,95.98551191242755,6
Clustering,6.0,93.99227301996137,6
Clustering,8.0,91.99645846748231,6
Clustering,10.0,89.94510624597557,6
Clustering,12.0,87.99388280746948,6
Clustering,14.0,85.99372182871862,6
Clustering,16.0,83.99565357372822,6
Clustering,18.0,81.98599484867991,6
Clustering,20.0,79.99774629748866,6
Clustering,22.0,77.98889246619439,6
Clustering,24.0,75.99356084996774,6
Clustering,26.0,73.99597553122982,6
Clustering,28.0,71.9842240824211,6
Clustering,30.0,69.981809401159,6
Clustering,32.0,67.9922730199614,6
Clustering,34.0,65.9933998712171,6
Clustering,36.0,63.99517063747594,6
Clustering,38.0,61.995009658725145,6
Clustering,40.0,59.98390212491961,6
Clustering,42.0,57.99452672247271,6
Clustering,44.0,55.99645846748237,6
Clustering,46.0,53.98792659368971,6
Clustering,48.0,51.99839021249202,6
Clustering,50.0,49.99951706374765,6
Clustering,52.0,47.98921442369613,6
Clustering,54.0,45.99726336123638,6
Clustering,56.0,43.99388280746946,6
Clustering,58.0,41.99919510624602,6
Clustering,60.0,39.993399871217036,6
Clustering,62.0,37.995492594977506,6
Clustering,64.0,35.984707018673575,6
Clustering,66.0,33.987121699935635,6
Clustering,68.0,31.98712169993564,6
Clustering,70.0,29.984063103670337,6
Clustering,72.0,27.993077913715407,6
Clustering,74.0,25.99420476497104,6
Clustering,76.0,23.99372182871862,6
Clustering,78.0,21.998712169993578,6
Clustering,80.0,19.981165486155838,6
Clustering,82.0,17.996458467482302,6
Clustering,84.0,15.996780424983909,6
Clustering,86.0,13.996136509980683,6
Clustering,88.0,11.998229233741146,6
Clustering,90.0,9.990019317450086,6
Clustering,92.0,7.989375402446861,6
Clustering,94.0,5.914198325820976,6
Clustering,96.0,5.595299420476482,6
Clustering,98.0,5.568094011590454,6
Clustering,100.0,5.552640051513183,6
Clustering,102.0,5.525434642627157,6
Clustering,104.0,5.513683193818399,6
Clustering,106.0,5.511107533805521,6
Clustering,108.0,5.5033805537668865,6
Clustering,110.0,5.493077913715372,6
Clustering,112.0,5.4718287186091255,6
Clustering,114.0,5.45975531229876,6
Clustering,116.0,5.452028332260124,6
Clustering,118.0,5.440920798454585,6
Clustering,120.0,5.4204764971023645,6
Clustering,2.0,97.99533161622664,7
Clustering,4.0,95.99372182871859,7
Clustering,6.0,93.99951706374759,7
Clustering,8.0,91.99195106245979,7
Clustering,10.0,89.99275595621386,7
Clustering,12.0,87.99806825499049,7
Clustering,14.0,85.98760463618808,7
Clustering,16.0,83.99388280746938,7
Clustering,18.0,81.9851899549259,7
Clustering,20.0,79.99549259497745,7
Clustering,22.0,77.99613650998066,7
Clustering,24.0,75.98969735994847,7
Clustering,26.0,73.98857050869285,7
Clustering,28.0,71.98567289117842,7
Clustering,30.0,69.99549259497752,7
Clustering,32.0,67.99661944623321,7
Clustering,34.0,65.99613650998083,7
Clustering,36.0,63.97794591113987,7
Clustering,38.0,61.98921442369619,7
Clustering,40.0,59.99855119124287,7
Clustering,42.0,57.99356084996792,7
Clustering,44.0,55.986155827430885,7
Clustering,46.0,53.96522858982625,7
Clustering,48.0,51.94993560849978,7
Clustering,50.0,49.9869607211849,7
Clustering,52.0,47.984546039922805,7
Clustering,54.0,45.973116548615664,7
Clustering,56.0,43.9977462974888,7
Clustering,58.0,41.990180296200975,7
Clustering,60.0,39.998873148744416,7
Clustering,62.0,37.99935608499683,7
Clustering,64.0,35.99822923374119,7
Clustering,66.0,33.994204764971066,7
Clustering,68.0,31.989697359948526,7
Clustering,70.0,29.98663876368323,7
Clustering,72.0,27.991951062459787,7
Clustering,74.0,25.996136509980705,7
Clustering,76.0,23.999839021249215,7
Clustering,78.0,21.992594977462986,7
Clustering,80.0,19.98567289117838,7
Clustering,82.0,17.984063103670326,7
Clustering,84.0,15.984707018673546,7
Clustering,86.0,13.997585318737935,7
Clustering,88.0,11.98760463618803,7
Clustering,90.0,9.984707018673529,7
Clustering,92.0,7.929169349645836,7
Clustering,94.0,5.996458467482279,7
Clustering,96.0,5.8404700579523405,7
Clustering,98.0,5.806503541532507,7
Clustering,100.0,5.788473921442358,7
Clustering,102.0,5.777366387636819,7
Clustering,104.0,5.759336767546673,7
Clustering,106.0,5.749839021249184,7
Clustering,108.0,5.73358016741789,7
Clustering,110.0,5.731004507405012,7
Clustering,112.0,5.726658081133278,7
Clustering,114.0,5.721506761107522,7
Clustering,116.0,5.706857694784274,7
Clustering,118.0,5.693174500965856,7
Clustering,120.0,5.686252414681245,7
Clustering,2.0,97.98760463618801,8
Clustering,4.0,95.98792659368965,8
Clustering,6.0,93.98969735994851,8
Clustering,8.0,91.99500965872508,8
Clustering,10.0,89.99130714745661,8
Clustering,12.0,87.98502897617524,8
Clustering,14.0,85.99339987121702,8
Clustering,16.0,83.99597553122985,8
Clustering,18.0,81.9985511912427,8
Clustering,20.0,79.99678042498385,8
Clustering,22.0,77.99629748873143,8
Clustering,24.0,75.99050225370246,8
Clustering,26.0,73.99758531873792,8
Clustering,28.0,71.91870573084351,8
Clustering,30.0,69.99130714745657,8
Clustering,32.0,67.99066323245341,8
Clustering,34.0,65.99839021249211,8
Clustering,36.0,63.993560849967935,8
Clustering,38.0,61.9855119124277,8
Clustering,40.0,59.98406310367044,8
Clustering,42.0,57.988248551191354,8
Clustering,44.0,55.9995170637477,8
Clustering,46.0,53.92627173213148,8
Clustering,48.0,51.988731487443765,8
Clustering,50.0,49.87974887314885,8
Clustering,52.0,47.99372182871869,8
Clustering,54.0,45.987443657437304,8
Clustering,56.0,43.98583386992925,8
Clustering,58.0,41.997585318738,8
Clustering,60.0,39.997424339987184,8
Clustering,62.0,37.99935608499684,8
Clustering,64.0,35.9982292337412,8
Clustering,66.0,33.98438506117196,8
Clustering,68.0,31.990502253702545,8
Clustering,70.0,29.99887314874441,8
Clustering,72.0,27.993077913715425,8
Clustering,74.0,25.99323889246623,8
Clustering,76.0,23.997907276239566,8
Clustering,78.0,21.9995170637476,8
Clustering,80.0,19.999839021249215,8
Clustering,82.0,17.97311654861559,8
Clustering,84.0,15.988731487443667,8
Clustering,86.0,13.990663232453318,8
Clustering,88.0,11.98840952994204,8
Clustering,90.0,9.997585318737915,8
Clustering,92.0,7.985833869929149,8
Clustering,94.0,5.994526722472612,8
Clustering,96.0,5.73953638119766,8
Clustering,98.0,5.737765614938807,8
Clustering,100.0,5.713135866065658,8
Clustering,102.0,5.691725692208608,8
Clustering,104.0,5.666291049581433,8
Clustering,106.0,5.659368963296823,8
Clustering,108.0,5.655022537025093,8
Clustering,110.0,5.649066323245311,8
Clustering,112.0,5.6421442369607,8
Clustering,114.0,5.636992916934943,8
Clustering,116.0,5.631841596909187,8
Clustering,118.0,5.631841596909187,8
Clustering,120.0,5.62669027688343,8
Clustering,2.0,97.98486799742432,9
Clustering,4.0,95.99629748873149,9
Clustering,6.0,93.98470701867355,9
Clustering,8.0,91.98969735994854,9
Clustering,10.0,89.99227301996142,9
Clustering,12.0,87.99806825499044,9
Clustering,14.0,85.98647778493242,9
Clustering,16.0,83.99919510624592,9
Clustering,18.0,81.98857050869273,9
Clustering,20.0,79.98824855119119,9
Clustering,22.0,77.9890534449452,9
Clustering,24.0,75.99871216999348,9
Clustering,26.0,73.99420476497096,9
Clustering,28.0,71.99130714745654,9
Clustering,30.0,69.98502897617513,9
Clustering,32.0,67.99774629748882,9
Clustering,34.0,65.99211204121069,9
Clustering,36.0,63.987121699935734,9
Clustering,38.0,61.90148100450752,9
Clustering,40.0,59.9962974887316,9
Clustering,42.0,57.99919510624607,9
Clustering,44.0,55.99774629748884,9
Clustering,46.0,53.99323889246629,9
Clustering,48.0,51.9771410173858,9
Clustering,50.0,49.983902124919595,9
Clustering,52.0,47.977623953638215,9
Clustering,54.0,45.98985833869938,9
Clustering,56.0,43.99388280746948,9
Clustering,58.0,41.99179008370901,9
Clustering,60.0,39.99082421120418,9
Clustering,62.0,37.997102382485565,9
Clustering,64.0,35.98808757244048,9
Clustering,66.0,33.988409529942075,9
Clustering,68.0,31.995653573728305,9
Clustering,70.0,29.98438506117196,9
Clustering,72.0,27.99694140373473,9
Clustering,74.0,25.994204764971045,9
Clustering,76.0,23.99726336123634,9
Clustering,78.0,21.993077913715407,9
Clustering,80.0,19.995975531229888,9
Clustering,82.0,17.98905344494527,9
Clustering,84.0,15.997907276239543,9
Clustering,86.0,13.99565357372827,9
Clustering,88.0,11.9966194462331,9
Clustering,90.0,9.992273019961358,9
Clustering,92.0,7.99484867997423,9
Clustering,94.0,5.995009658725034,9
Clustering,96.0,5.588538312942677,9
Clustering,98.0,5.582099162910481,9
Clustering,100.0,5.54716677398582,9
Clustering,102.0,5.528493238892453,9
Clustering,104.0,5.519961365099793,9
Clustering,106.0,5.515614938828061,9
Clustering,108.0,5.473921442369595,9
Clustering,110.0,5.46587250482935,9
Clustering,112.0,5.460721184803593,9
Clustering,114.0,5.45895041854474,9
Clustering,116.0,5.446072118480349,9
Clustering,118.0,5.446072118480349,9
Clustering,120.0,5.446072118480349,9
FGD,2.0,97.99822923374113,0
FGD,4.0,95.98599484867995,0
FGD,6.0,93.98502897617512,0
FGD,8.0,91.98535093367674,0
FGD,10.0,89.99581455247908,0
FGD,12.0,87.99549259497745,0
FGD,14.0,85.99420476497103,0
FGD,16.0,83.97198969735994,0
FGD,18.0,81.98840952994205,0
FGD,20.0,79.99162910495816,0
FGD,22.0,77.99259497746299,0
FGD,24.0,75.99388280746943,0
FGD,26.0,73.99275595621378,0
FGD,28.0,71.98776561493882,0
FGD,30.0,69.99726336123632,0
FGD,32.0,67.97987765614938,0
FGD,34.0,65.99710238248552,0
FGD,36.0,63.946877012234395,0
FGD,38.0,61.96571152607857,0
FGD,40.0,59.986960721184815,0
FGD,42.0,57.99581455247909,0
FGD,44.0,55.991951062459755,0
FGD,46.0,53.99629748873149,0
FGD,48.0,51.990663232453315,0
FGD,50.0,49.99162910495814,0
FGD,52.0,47.938828074694136,0
FGD,54.0,45.98985833869929,0
FGD,56.0,43.98406310367031,0
FGD,58.0,41.98873148744365,0
FGD,60.0,39.98921442369607,0
FGD,62.0,37.99436574372182,0
FGD,64.0,35.98873148744365,0
FGD,66.0,33.995653573728255,0
FGD,68.0,31.99533161622665,0
FGD,70.0,29.99951706374758,0
FGD,72.0,27.995653573728262,0
FGD,74.0,25.962330972311648,0
FGD,76.0,23.987282678686405,0
FGD,78.0,21.990663232453308,0
FGD,80.0,19.985511912427555,0
FGD,82.0,17.991307147456524,0
FGD,84.0,15.929491307147453,0
FGD,86.0,13.997102382485513,0
FGD,88.0,11.985672891178373,0
FGD,90.0,9.997907276239545,0
FGD,92.0,8.095782356728897,0
FGD,94.0,6.181905988409516,0
FGD,96.0,5.392788151963929,0
FGD,98.0,5.385061171925294,0
FGD,100.0,5.366387636831928,0
FGD,102.0,5.363007083065024,0
FGD,104.0,5.356084996780416,0
FGD,106.0,5.337411461687047,0
FGD,108.0,5.331455247907266,0
FGD,110.0,5.319864777849314,0
FGD,112.0,5.300225370251119,0
FGD,114.0,5.29764971023824,0
FGD,116.0,5.273824855119117,0
FGD,118.0,5.26867353509336,0
FGD,120.0,5.249678042498383,0
FGD,2.0,97.98921442369604,1
FGD,4.0,95.99291693496457,1
FGD,6.0,93.98679974243397,1
FGD,8.0,91.97488731487444,1
FGD,10.0,89.9903412749517,1
FGD,12.0,87.99758531873792,1
FGD,14.0,85.99597553122987,1
FGD,16.0,83.98824855119125,1
FGD,18.0,81.9898583386993,1
FGD,20.0,79.99661944623308,1
FGD,22.0,77.98728267868641,1
FGD,24.0,75.99597553122987,1
FGD,26.0,73.99597553122987,1
FGD,28.0,71.98824855119123,1
FGD,30.0,69.99227301996137,1
FGD,32.0,67.9900193174501,1
FGD,34.0,65.99855119124275,1
FGD,36.0,63.99806825499035,1
FGD,38.0,61.984385061171935,1
FGD,40.0,59.98567289117837,1
FGD,42.0,57.99001931745009,1
FGD,44.0,55.98953638119768,1
FGD,46.0,53.99758531873792,1
FGD,48.0,51.99581455247907,1
FGD,50.0,49.89649066323245,1
FGD,52.0,47.99871216999355,1
FGD,54.0,45.98985833869928,1
FGD,56.0,43.9900193174501,1
FGD,58.0,41.99726336123631,1
FGD,60.0,39.99179008370894,1
FGD,62.0,37.995492594977456,1
FGD,64.0,35.99935608499676,1
FGD,66.0,33.99903412749515,1
FGD,68.0,31.99114616870572,1
FGD,70.0,29.99758531873791,1
FGD,72.0,27.987926593689615,1
FGD,74.0,25.99887314874435,1
FGD,76.0,23.99436574372181,1
FGD,78.0,21.99372182871859,1
FGD,80.0,19.986316806181563,1
FGD,82.0,17.99339987121698,1
FGD,84.0,15.987765614938818,1
FGD,86.0,13.99339987121699,1
FGD,88.0,11.999034127495165,1
FGD,90.0,9.99082421120412,1
FGD,92.0,8.022698003863477,1
FGD,94.0,6.159529942047634,1
FGD,96.0,5.477301996136492,1
FGD,98.0,5.472150676110736,1
FGD,100.0,5.462652929813248,1
FGD,102.0,5.43045717965227,1
FGD,104.0,5.419349645846734,1
FGD,106.0,5.413393432066952,1
FGD,108.0,5.395524790727609,1
FGD,110.0,5.395524790727609,1
FGD,112.0,5.367836445589167,1
FGD,114.0,5.345782356728897,1
FGD,116.0,5.324533161622651,1
FGD,118.0,5.307308435286528,1
FGD,120.0,5.294430135222136,1
FGD,2.0,97.93206696716034,2
FGD,4.0,95.99517063747585,2
FGD,6.0,93.98889246619446,2
FGD,8.0,91.9871216999356,2
FGD,10.0,89.98712169993563,2
FGD,12.0,87.9995170637476,2
FGD,14.0,85.99565357372828,2
FGD,16.0,83.98712169993561,2
FGD,18.0,81.9962974887315,2
FGD,20.0,79.98873148744367,2
FGD,22.0,77.99356084996782,2
FGD,24.0,75.99726336123634,2
FGD,26.0,73.99710238248552,2
FGD,28.0,71.99935608499679,2
FGD,30.0,69.99372182871862,2
FGD,32.0,67.98857050869285,2
FGD,34.0,65.99420476497102,2
FGD,36.0,63.98309723116547,2
FGD,38.0,61.99758531873791,2
FGD,40.0,59.98905344494526,2
FGD,42.0,57.99195106245975,2
FGD,44.0,55.9966194462331,2
FGD,46.0,53.992433998712166,2
FGD,48.0,51.987282678686405,2
FGD,50.0,49.99645846748229,2
FGD,52.0,47.99533161622665,2
FGD,54.0,45.99066323245331,2
FGD,56.0,43.99082421120411,2
FGD,58.0,41.99549259497745,2
FGD,60.0,39.99404378622021,2
FGD,62.0,37.99500965872503,2
FGD,64.0,35.99452672247262,2
FGD,66.0,33.993721828718606,2
FGD,68.0,31.993560849967796,2
FGD,70.0,29.99935608499677,2
FGD,72.0,27.99179008370894,2
FGD,74.0,25.99855119124274,2
FGD,76.0,23.99919510624596,2
FGD,78.0,21.995331616226643,2
FGD,80.0,19.993077913715375,2
FGD,82.0,17.9840631036703,2
FGD,84.0,15.99179008370894,2
FGD,86.0,13.995492594977454,2
FGD,88.0,11.997907276239534,2
FGD,90.0,9.994848679974245,2
FGD,92.0,8.135866065679314,2
FGD,94.0,6.344494526722462,2
FGD,96.0,5.725692208628451,2
FGD,98.0,5.709594333547962,2
FGD,100.0,5.694140373470692,2
FGD,102.0,5.680296200901471,2
FGD,104.0,5.6564713457823474,2
FGD,106.0,5.648744365743713,2
FGD,108.0,5.648744365743713,2
FGD,110.0,5.635866065679322,2
FGD,112.0,5.622987765614931,2
FGD,114.0,5.580489375402439,2
FGD,116.0,5.533644558918215,2
FGD,118.0,5.533644558918215,2
FGD,120.0,5.5259175788795805,2
FGD,2.0,97.99694140373471,3
FGD,4.0,95.99388280746942,3
FGD,6.0,93.99919510624596,3
FGD,8.0,91.9966194462331,3
FGD,10.0,89.9966194462331,3
FGD,12.0,87.99146812620734,3
FGD,14.0,85.98921442369607,3
FGD,16.0,83.98470701867352,3
FGD,18.0,81.98486799742433,3
FGD,20.0,79.98583386992915,3
FGD,22.0,77.9906632324533,3
FGD,24.0,75.99871216999354,3
FGD,26.0,73.99146812620735,3
FGD,28.0,71.99291693496458,3
FGD,30.0,69.99517063747585,3
FGD,32.0,67.99903412749518,3
FGD,34.0,65.98551191242757,3
FGD,36.0,63.99597553122989,3
FGD,38.0,61.98776561493883,3
FGD,40.0,59.980682549903406,3
FGD,42.0,57.996297488731486,3
FGD,44.0,55.9905022537025,3
FGD,46.0,53.990663232453315,3
FGD,48.0,51.99871216999357,3
FGD,50.0,49.98953638119768,3
FGD,52.0,47.985511912427555,3
FGD,54.0,45.98535093367675,3
FGD,56.0,43.99790727623953,3
FGD,58.0,41.98631680618158,3
FGD,60.0,39.98406310367031,3
FGD,62.0,37.987765614938816,3
FGD,64.0,35.984385061171906,3
FGD,66.0,33.973921442369594,3
FGD,68.0,31.997907276239516,3
FGD,70.0,29.995331616226643,3
FGD,72.0,27.987926593689615,3
FGD,74.0,25.989697359948472,3
FGD,76.0,23.998551191242747,3
FGD,78.0,21.998068254990333,3
FGD,80.0,19.99919510624597,3
FGD,82.0,17.99243399871217,3
FGD,84.0,15.999195106245983,3
FGD,86.0,13.995170637475866,3
FGD,88.0,11.995653573728287,3
FGD,90.0,10.125563425627835,3
FGD,92.0,8.270927237604614,3
FGD,94.0,6.637314874436556,3
FGD,96.0,6.232292337411446,3
FGD,98.0,6.213618802318078,3
FGD,100.0,6.206696716033467,3
FGD,102.0,6.2015453960077105,3
FGD,104.0,6.196394075981955,3
FGD,106.0,6.117353509336752,3
FGD,108.0,6.111397295556972,3
FGD,110.0,6.09095299420475,3
FGD,112.0,6.08403090792014,3
FGD,114.0,6.058435286542164,3
FGD,116.0,6.041210560206039,3
FGD,118.0,6.01819059884094,3
FGD,120.0,5.985994848679962,3
FGD,2.0,97.99661944623307,4
FGD,4.0,95.99629748873146,4
FGD,6.0,93.99983902124917,4
FGD,8.0,91.9971023824855,4
FGD,10.0,89.9972633612363,4
FGD,12.0,87.98792659368962,4
FGD,14.0,85.99323889246618,4
FGD,16.0,83.99227301996136,4
FGD,18.0,81.99533161622664,4
FGD,20.0,79.9903412749517,4
FGD,22.0,77.99565357372828,4
FGD,24.0,75.99420476497103,4
FGD,26.0,73.93947198969735,4
FGD,28.0,71.99710238248551,4
FGD,30.0,69.99452672247264,4
FGD,32.0,67.90534449452673,4
FGD,34.0,65.99710238248552,4
FGD,36.0,63.983580167417905,4
FGD,38.0,61.99517063747586,4
FGD,40.0,59.988892466194464,4
FGD,42.0,57.99710238248551,4
FGD,44.0,55.996297488731486,4
FGD,46.0,53.998873148744366,4
FGD,48.0,51.99871216999355,4
FGD,50.0,49.99323889246619,4
FGD,52.0,47.99452672247263,4
FGD,54.0,45.99356084996779,4
FGD,56.0,43.99484867997423,4
FGD,58.0,41.989536381197674,4
FGD,60.0,39.990824211204114,4
FGD,62.0,37.99114616870572,4
FGD,64.0,35.994848679974226,4
FGD,66.0,33.99146812620733,4
FGD,68.0,31.988892466194446,4
FGD,70.0,29.997424339987106,4
FGD,72.0,27.99018029620089,4
FGD,74.0,25.999356084996766,4
FGD,76.0,23.995331616226643,4
FGD,78.0,21.996941403734695,4
FGD,80.0,19.992916934964573,4
FGD,82.0,17.999999999999982,4
FGD,84.0,15.985833869929152,4
FGD,86.0,13.99066323245331,4
FGD,88.0,11.984707018673534,4
FGD,90.0,9.99468770122344,4
FGD,92.0,8.061332904056648,4
FGD,94.0,6.286864133934304,4
FGD,96.0,5.686574372182856,4
FGD,98.0,5.388924661944612,4
FGD,100.0,5.370895041854464,4
FGD,102.0,5.343528654217631,4
FGD,104.0,5.341757887958779,4
FGD,106.0,5.33660656793302,4
FGD,108.0,5.303283966516409,4
FGD,110.0,5.29378622021892,4
FGD,112.0,5.291210560206043,4
FGD,114.0,5.270766258853823,4
FGD,116.0,5.253380553766894,4
FGD,118.0,5.244848679974235,4
FGD,120.0,5.229394719896966,4
FGD,2.0,97.98164842240824,5
FGD,4.0,95.98905344494527,5
FGD,6.0,93.99098518995494,5
FGD,8.0,91.99581455247908,5
FGD,10.0,89.98470701867353,5
FGD,12.0,87.99919510624599,5
FGD,14.0,85.9966194462331,5
FGD,16.0,83.99887314874437,5
FGD,18.0,81.9903412749517,5
FGD,20.0,79.99533161622665,5
FGD,22.0,77.99436574372183,5
FGD,24.0,75.99468770122344,5
FGD,26.0,73.99565357372828,5
FGD,28.0,71.99983902124917,5
FGD,30.0,69.9900193174501,5
FGD,32.0,67.99468770122343,5
FGD,34.0,65.9903412749517,5
FGD,36.0,63.99468770122344,5
FGD,38.0,61.993399871217,5
FGD,40.0,59.99130714745654,5
FGD,42.0,57.99098518995493,5
FGD,44.0,55.99356084996781,5
FGD,46.0,53.994687701223434,5
FGD,48.0,51.92289117836445,5
FGD,50.0,49.98857050869284,5
FGD,52.0,47.99983902124919,5
FGD,54.0,45.92305215711525,5
FGD,56.0,43.99806825499033,5
FGD,58.0,41.99790727623952,5
FGD,60.0,39.99018029620089,5
FGD,62.0,37.94011590470057,5
FGD,64.0,35.98792659368962,5
FGD,66.0,33.99323889246618,5
FGD,68.0,31.99404378622021,5
FGD,70.0,29.993560849967793,5
FGD,72.0,27.99742433998711,5
FGD,74.0,25.992273019961353,5
FGD,76.0,23.98985833869928,5
FGD,78.0,21.915164198325808,5
FGD,80.0,19.99420476497101,5
FGD,82.0,17.999839021249176,5
FGD,84.0,15.991468126207323,5
FGD,86.0,13.984546039922712,5
FGD,88.0,11.99130714745652,5
FGD,90.0,9.987604636188017,5
FGD,92.0,8.084674822923356,5
FGD,94.0,6.23213135866064,5
FGD,96.0,5.651481004507393,5
FGD,98.0,5.648905344494516,5
FGD,100.0,5.636027044430125,5
FGD,102.0,5.618158403090781,5
FGD,104.0,5.616387636831927,5
FGD,106.0,5.613811976819049,5
FGD,108.0,5.607694784288463,5
FGD,110.0,5.571635544108167,5
FGD,112.0,5.563908564069532,5
FGD,114.0,5.532356728911773,5
FGD,116.0,5.525434642627163,5
FGD,118.0,5.518512556342553,5
FGD,120.0,5.509014810045064,5
FGD,2.0,97.98824855119122,6
FGD,4.0,95.98551191242754,6
FGD,6.0,93.99227301996136,6
FGD,8.0,91.99645846748228,6
FGD,10.0,89.94510624597554,6
FGD,12.0,87.99388280746942,6
FGD,14.0,85.99372182871862,6
FGD,16.0,83.99565357372828,6
FGD,18.0,81.98599484867998,6
FGD,20.0,79.99774629748873,6
FGD,22.0,77.98889246619446,6
FGD,24.0,75.9935608499678,6
FGD,26.0,73.99597553122987,6
FGD,28.0,71.98422408242112,6
FGD,30.0,69.98180940115905,6
FGD,32.0,67.99227301996137,6
FGD,34.0,65.99339987121701,6
FGD,36.0,63.99517063747585,6
FGD,38.0,61.99500965872505,6
FGD,40.0,59.98390212491952,6
FGD,42.0,57.99452672247264,6
FGD,44.0,55.99645846748228,6
FGD,46.0,53.98792659368963,6
FGD,48.0,51.998390212491955,6
FGD,50.0,49.99951706374758,6
FGD,52.0,47.98921442369607,6
FGD,54.0,45.9972633612363,6
FGD,56.0,43.993882807469404,6
FGD,58.0,41.99919510624596,6
FGD,60.0,39.99339987121699,6
FGD,62.0,37.995492594977456,6
FGD,64.0,35.984707018673525,6
FGD,66.0,33.9871216999356,6
FGD,68.0,31.987121699935596,6
FGD,70.0,29.9840631036703,6
FGD,72.0,27.993077913715368,6
FGD,74.0,25.99420476497101,6
FGD,76.0,23.99372182871859,6
FGD,78.0,21.998712169993546,6
FGD,80.0,19.981165486155806,6
FGD,82.0,17.996458467482277,6
FGD,84.0,15.99678042498389,6
FGD,86.0,13.99613650998067,6
FGD,88.0,11.998229233741133,6
FGD,90.0,9.990019317450091,6
FGD,92.0,8.182549903412735,6
FGD,94.0,6.574211204121038,6
FGD,96.0,5.715228589826128,6
FGD,98.0,5.5235028976175,6
FGD,100.0,5.50804893754023,6
FGD,102.0,5.480843528654203,6
FGD,104.0,5.469092079845446,6
FGD,106.0,5.466516419832567,6
FGD,108.0,5.458789439793932,6
FGD,110.0,5.448486799742419,6
FGD,112.0,5.427237604636173,6
FGD,114.0,5.415164198325806,6
FGD,116.0,5.407437218287172,6
FGD,118.0,5.396329684481635,6
FGD,120.0,5.375885383129412,6
FGD,2.0,97.99533161622664,7
FGD,4.0,95.99372182871858,7
FGD,6.0,93.99951706374753,7
FGD,8.0,91.99195106245972,7
FGD,10.0,89.99275595621374,7
FGD,12.0,87.9980682549903,7
FGD,14.0,85.987604636188,7
FGD,16.0,83.99388280746938,7
FGD,18.0,81.98518995492591,7
FGD,20.0,79.99549259497745,7
FGD,22.0,77.99613650998069,7
FGD,24.0,75.98969735994847,7
FGD,26.0,73.98857050869285,7
FGD,28.0,71.98567289117837,7
FGD,30.0,69.99549259497746,7
FGD,32.0,67.99661944623311,7
FGD,34.0,65.99613650998069,7
FGD,36.0,63.977945911139734,7
FGD,38.0,61.98921442369608,7
FGD,40.0,59.998551191242754,7
FGD,42.0,57.99356084996781,7
FGD,44.0,55.986155827430785,7
FGD,46.0,53.96522858982614,7
FGD,48.0,51.94993560849967,7
FGD,50.0,49.9869607211848,7
FGD,52.0,47.98454603992273,7
FGD,54.0,45.973116548615586,7
FGD,56.0,43.997746297488725,7
FGD,58.0,41.9901802962009,7
FGD,60.0,39.99887314874436,7
FGD,62.0,37.99935608499677,7
FGD,64.0,35.99822923374114,7
FGD,66.0,33.99420476497102,7
FGD,68.0,31.989697359948483,7
FGD,70.0,29.98663876368319,7
FGD,72.0,27.99195106245975,7
FGD,74.0,25.996136509980676,7
FGD,76.0,23.999839021249187,7
FGD,78.0,21.992594977462964,7
FGD,80.0,19.985672891178353,7
FGD,82.0,17.9840631036703,7
FGD,84.0,15.98470701867353,7
FGD,86.0,13.997585318737926,7
FGD,88.0,11.987604636188024,7
FGD,90.0,9.98470701867354,7
FGD,92.0,8.106245975531213,7
FGD,94.0,6.286220218931082,7
FGD,96.0,5.6311976819059675,7
FGD,98.0,5.597231165486136,7
FGD,100.0,5.5792015453959865,7
FGD,102.0,5.568094011590449,7
FGD,104.0,5.550064391500301,7
FGD,106.0,5.540566645202812,7
FGD,108.0,5.524307791371518,7
FGD,110.0,5.52173213135864,7
FGD,112.0,5.517385705086909,7
FGD,114.0,5.512234385061152,7
FGD,116.0,5.497585318737906,7
FGD,118.0,5.483902124919491,7
FGD,120.0,5.476980038634881,7
FGD,2.0,97.98760463618798,8
FGD,4.0,95.98792659368961,8
FGD,6.0,93.98969735994844,8
FGD,8.0,91.99500965872502,8
FGD,10.0,89.99130714745652,8
FGD,12.0,87.98502897617512,8
FGD,14.0,85.99339987121698,8
FGD,16.0,83.99597553122986,8
FGD,18.0,81.99855119124274,8
FGD,20.0,79.9967804249839,8
FGD,22.0,77.99629748873149,8
FGD,24.0,75.9905022537025,8
FGD,26.0,73.99758531873792,8
FGD,28.0,71.91870573084351,8
FGD,30.0,69.99130714745652,8
FGD,32.0,67.99066323245331,8
FGD,34.0,65.99839021249194,8
FGD,36.0,63.993560849967814,8
FGD,38.0,61.98551191242757,8
FGD,40.0,59.984063103670316,8
FGD,42.0,57.98824855119125,8
FGD,44.0,55.9995170637476,8
FGD,46.0,53.92627173213136,8
FGD,48.0,51.988731487443665,8
FGD,50.0,49.87974887314875,8
FGD,52.0,47.993721828718606,8
FGD,54.0,45.98744365743722,8
FGD,56.0,43.985833869929166,8
FGD,58.0,41.99758531873792,8
FGD,60.0,39.99742433998711,8
FGD,62.0,37.99935608499677,8
FGD,64.0,35.99822923374114,8
FGD,66.0,33.984385061171906,8
FGD,68.0,31.99050225370249,8
FGD,70.0,29.998873148744345,8
FGD,72.0,27.993077913715368,8
FGD,74.0,25.993238892466174,8
FGD,76.0,23.99790727623952,8
FGD,78.0,21.999517063747565,8
FGD,80.0,19.999839021249173,8
FGD,82.0,17.97311654861556,8
FGD,84.0,15.988731487443635,8
FGD,86.0,13.990663232453295,8
FGD,88.0,11.988409529942036,8
FGD,90.0,10.126368319381836,8
FGD,92.0,8.211204121056,8
FGD,94.0,6.541854475209254,8
FGD,96.0,5.557791371538936,8
FGD,98.0,5.556020605280083,8
FGD,100.0,5.531390856406934,8
FGD,102.0,5.51352221506759,8
FGD,104.0,5.488087572440417,8
FGD,106.0,5.465067611075317,8
FGD,108.0,5.460721184803585,8
FGD,110.0,5.4547649710238035,8
FGD,112.0,5.431745009658704,8
FGD,114.0,5.426593689632948,8
FGD,116.0,5.421442369607191,8
FGD,118.0,5.405344494526702,8
FGD,120.0,5.400193174500945,8
FGD,2.0,97.98486799742435,9
FGD,4.0,95.99629748873147,9
FGD,6.0,93.98470701867353,9
FGD,8.0,91.98969735994848,9
FGD,10.0,89.99227301996136,9
FGD,12.0,87.99806825499033,9
FGD,14.0,85.98647778493238,9
FGD,16.0,83.99919510624598,9
FGD,18.0,81.98857050869286,9
FGD,20.0,79.98824855119125,9
FGD,22.0,77.98905344494526,9
FGD,24.0,75.99871216999357,9
FGD,26.0,73.99420476497102,9
FGD,28.0,71.99130714745652,9
FGD,30.0,69.98502897617514,9
FGD,32.0,67.99774629748873,9
FGD,34.0,65.99211204121056,9
FGD,36.0,63.98712169993562,9
FGD,38.0,61.90148100450742,9
FGD,40.0,59.9962974887315,9
FGD,42.0,57.99919510624599,9
FGD,44.0,55.99774629748874,9
FGD,46.0,53.99323889246619,9
FGD,48.0,51.977141017385705,9
FGD,50.0,49.98390212491951,9
FGD,52.0,47.97762395363813,9
FGD,54.0,45.98985833869929,9
FGD,56.0,43.99388280746941,9
FGD,58.0,41.99179008370895,9
FGD,60.0,39.99082421120412,9
FGD,62.0,37.997102382485515,9
FGD,64.0,35.98808757244043,9
FGD,66.0,33.98840952994205,9
FGD,68.0,31.995653573728262,9
FGD,70.0,29.984385061171913,9
FGD,72.0,27.9969414037347,9
FGD,74.0,25.99420476497102,9
FGD,76.0,23.997263361236307,9
FGD,78.0,21.99307791371538,9
FGD,80.0,19.995975531229867,9
FGD,82.0,17.98905344494526,9
FGD,84.0,15.997907276239538,9
FGD,86.0,13.995653573728276,9
FGD,88.0,11.996619446233108,9
FGD,90.0,9.992273019961385,9
FGD,92.0,8.02704443013521,9
FGD,94.0,6.091596909207969,9
FGD,96.0,5.518995492594962,9
FGD,98.0,5.512556342562766,9
FGD,100.0,5.477623953638105,9
FGD,102.0,5.458950418544737,9
FGD,104.0,5.450418544752078,9
FGD,106.0,5.4460721184803464,9
FGD,108.0,5.404378622021879,9
FGD,110.0,5.396329684481635,9
FGD,112.0,5.375080489375388,9
FGD,114.0,5.3733097231165345,9
FGD,116.0,5.344333547971654,9
FGD,118.0,5.344333547971654,9
FGD,120.0,5.328235672891165,9
